resource_id,date,failed_login_attempts,anomalous_traffic_score,alerts_triggered
res-000,2026-05-17,4,11.96,0
res-000,2026-05-18,4,11.35,0
res-000,2026-05-19,6,16.13,1
res-000,2026-05-20,3,10.48,1
res-000,2026-05-21,6,6.3,2
res-000,2026-05-22,5,13.24,2
res-000,2026-05-23,6,3.86,1
res-000,2026-05-24,2,7.02,0
res-000,2026-05-25,4,13.19,0
res-000,2026-05-26,5,13.16,0
res-000,2026-05-27,3,13.46,1
res-000,2026-05-28,3,9.63,0
res-000,2026-05-29,3,6.68,0
res-000,2026-05-30,3,14.71,0
res-000,2026-05-31,3,8.87,1
res-000,2026-06-01,3,11.29,2
res-000,2026-06-02,1,4.38,1
res-000,2026-06-03,5,14.49,0
res-000,2026-06-04,2,18.01,0
res-000,2026-06-05,2,8.79,0
res-000,2026-06-06,2,13.83,0
res-000,2026-06-07,2,17.83,0
res-000,2026-06-08,1,8.99,1
res-000,2026-06-09,5,7.61,2
res-000,2026-06-10,10,6.31,1
res-000,2026-06-11,4,12.47,0
res-000,2026-06-12,4,5.8,0
res-000,2026-06-13,2,9.65,0
res-000,2026-06-14,5,14.7,1
res-000,2026-06-15,4,5.73,0
res-000,2026-06-16,2,12.09,0
res-000,2026-06-17,2,10.91,0
res-000,2026-06-18,3,12.54,0
res-000,2026-06-19,7,18.26,0
res-000,2026-06-20,5,6.18,0
res-000,2026-06-21,3,14.49,0
res-000,2026-06-22,7,8.72,0
res-000,2026-06-23,5,4.09,2
res-000,2026-06-24,1,10.03,1
res-000,2026-06-25,4,7.99,0
res-000,2026-06-26,3,8.3,0
res-000,2026-06-27,1,7.16,0
res-000,2026-06-28,2,11.4,0
res-000,2026-06-29,3,14.98,0
res-000,2026-06-30,7,13.49,1
res-000,2026-07-01,4,17.43,0
res-000,2026-07-02,3,0.02,1
res-000,2026-07-03,5,11.82,1
res-000,2026-07-04,6,13.66,0
res-000,2026-07-05,7,18.15,0
res-000,2026-07-06,3,5.31,0
res-000,2026-07-07,5,17.05,1
res-000,2026-07-08,3,15.3,0
res-000,2026-07-09,2,20.08,0
res-000,2026-07-10,3,11.82,1
res-000,2026-07-11,4,10.73,0
res-000,2026-07-12,3,8.81,0
res-000,2026-07-13,4,12.48,0
res-000,2026-07-14,4,14.98,0
res-000,2026-07-15,5,13.37,0
res-000,2026-07-16,1,8.83,0
res-000,2026-07-17,2,8.98,1
res-000,2026-07-18,5,9.4,0
res-000,2026-07-19,7,13.99,1
res-000,2026-07-20,4,7.0,0
res-000,2026-07-21,3,15.28,0
res-000,2026-07-22,2,8.73,1
res-000,2026-07-23,6,11.47,1
res-000,2026-07-24,5,14.82,0
res-000,2026-07-25,6,6.04,0
res-000,2026-07-26,1,4.62,0
res-000,2026-07-27,7,16.58,0
res-000,2026-07-28,3,11.25,0
res-000,2026-07-29,5,11.65,1
res-000,2026-07-30,6,6.71,0
res-000,2026-07-31,1,11.19,0
res-000,2026-08-01,4,15.87,0
res-000,2026-08-02,1,11.65,1
res-000,2026-08-03,2,8.43,0
res-000,2026-08-04,4,13.12,0
res-000,2026-08-05,7,9.24,0
res-000,2026-08-06,1,10.96,1
res-000,2026-08-07,4,10.57,0
res-000,2026-08-08,4,13.94,0
res-000,2026-08-09,6,10.16,1
res-000,2026-08-10,2,0.0,1
res-000,2026-08-11,6,20.27,0
res-000,2026-08-12,9,12.08,0
res-000,2026-08-13,4,11.64,0
res-000,2026-08-14,4,15.61,1
res-000,2026-08-15,5,13.3,0
res-000,2026-08-16,5,10.2,0
res-000,2026-08-17,5,11.02,0
res-000,2026-08-18,3,15.05,0
res-000,2026-08-19,5,14.63,0
res-000,2026-08-20,2,9.28,1
res-000,2026-08-21,7,7.44,0
res-000,2026-08-22,5,9.63,0
res-000,2026-08-23,4,9.84,2
res-000,2026-08-24,5,10.14,0
res-000,2026-08-25,5,12.22,1
res-000,2026-08-26,3,9.65,0
res-000,2026-08-27,3,17.62,0
res-000,2026-08-28,5,11.83,0
res-000,2026-08-29,7,11.26,1
res-000,2026-08-30,1,5.83,0
res-000,2026-08-31,3,12.14,0
res-000,2026-09-01,5,3.11,1
res-000,2026-09-02,4,10.62,1
res-000,2026-09-03,5,13.12,1
res-000,2026-09-04,1,11.09,0
res-000,2026-09-05,4,15.01,2
res-000,2026-09-06,3,5.11,0
res-000,2026-09-07,2,8.63,0
res-000,2026-09-08,3,12.38,0
res-000,2026-09-09,3,13.51,1
res-000,2026-09-10,7,12.18,0
res-000,2026-09-11,3,9.5,2
res-000,2026-09-12,0,11.25,1
res-000,2026-09-13,3,13.5,0
res-001,2026-05-17,1,7.52,0
res-001,2026-05-18,3,8.36,0
res-001,2026-05-19,3,13.13,0
res-001,2026-05-20,3,10.88,0
res-001,2026-05-21,2,8.96,1
res-001,2026-05-22,3,11.1,1
res-001,2026-05-23,4,5.48,0
res-001,2026-05-24,5,8.92,0
res-001,2026-05-25,1,7.88,0
res-001,2026-05-26,4,4.23,0
res-001,2026-05-27,3,6.0,0
res-001,2026-05-28,3,7.63,0
res-001,2026-05-29,9,10.93,0
res-001,2026-05-30,4,6.91,0
res-001,2026-05-31,2,13.14,1
res-001,2026-06-01,5,7.46,0
res-001,2026-06-02,8,9.72,0
res-001,2026-06-03,5,9.4,0
res-001,2026-06-04,2,6.76,0
res-001,2026-06-05,1,13.29,0
res-001,2026-06-06,2,9.12,1
res-001,2026-06-07,5,12.17,0
res-001,2026-06-08,5,8.13,1
res-001,2026-06-09,4,3.97,0
res-001,2026-06-10,1,12.82,0
res-001,2026-06-11,2,5.43,0
res-001,2026-06-12,0,16.3,0
res-001,2026-06-13,3,13.28,0
res-001,2026-06-14,4,6.51,0
res-001,2026-06-15,6,4.61,0
res-001,2026-06-16,2,7.95,0
res-001,2026-06-17,2,9.96,0
res-001,2026-06-18,1,5.0,0
res-001,2026-06-19,2,10.6,0
res-001,2026-06-20,2,9.32,0
res-001,2026-06-21,4,13.02,0
res-001,2026-06-22,7,13.56,0
res-001,2026-06-23,5,13.8,0
res-001,2026-06-24,6,7.2,0
res-001,2026-06-25,4,13.16,0
res-001,2026-06-26,2,6.54,0
res-001,2026-06-27,6,11.69,0
res-001,2026-06-28,3,12.39,0
res-001,2026-06-29,2,13.95,1
res-001,2026-06-30,2,10.41,0
res-001,2026-07-01,3,7.07,0
res-001,2026-07-02,5,7.57,1
res-001,2026-07-03,3,8.7,0
res-001,2026-07-04,0,8.91,0
res-001,2026-07-05,4,17.64,0
res-001,2026-07-06,6,5.31,0
res-001,2026-07-07,3,10.44,0
res-001,2026-07-08,3,7.24,0
res-001,2026-07-09,3,8.35,0
res-001,2026-07-10,5,6.1,0
res-001,2026-07-11,4,13.84,0
res-001,2026-07-12,3,4.3,1
res-001,2026-07-13,3,5.06,1
res-001,2026-07-14,2,2.35,0
res-001,2026-07-15,0,10.12,1
res-001,2026-07-16,2,9.97,0
res-001,2026-07-17,1,10.75,0
res-001,2026-07-18,2,8.81,1
res-001,2026-07-19,5,6.66,0
res-001,2026-07-20,5,11.04,0
res-001,2026-07-21,1,6.24,1
res-001,2026-07-22,4,12.31,1
res-001,2026-07-23,2,7.86,0
res-001,2026-07-24,4,10.97,0
res-001,2026-07-25,2,8.57,0
res-001,2026-07-26,3,8.43,0
res-001,2026-07-27,2,8.51,0
res-001,2026-07-28,6,2.58,0
res-001,2026-07-29,2,17.37,0
res-001,2026-07-30,4,12.13,0
res-001,2026-07-31,0,11.21,0
res-001,2026-08-01,3,10.98,1
res-001,2026-08-02,3,7.44,0
res-001,2026-08-03,2,11.23,1
res-001,2026-08-04,3,10.16,0
res-001,2026-08-05,3,14.53,0
res-001,2026-08-06,7,9.59,0
res-001,2026-08-07,2,10.01,1
res-001,2026-08-08,2,6.09,0
res-001,2026-08-09,2,7.84,0
res-001,2026-08-10,3,11.68,0
res-001,2026-08-11,0,9.03,0
res-001,2026-08-12,2,6.5,0
res-001,2026-08-13,2,13.67,0
res-001,2026-08-14,5,8.81,0
res-001,2026-08-15,4,7.19,1
res-001,2026-08-16,4,9.14,0
res-001,2026-08-17,1,7.79,0
res-001,2026-08-18,4,13.0,1
res-001,2026-08-19,6,9.65,1
res-001,2026-08-20,6,11.43,0
res-001,2026-08-21,2,9.11,0
res-001,2026-08-22,3,8.09,0
res-001,2026-08-23,1,15.35,0
res-001,2026-08-24,5,13.69,1
res-001,2026-08-25,2,7.46,1
res-001,2026-08-26,3,10.14,0
res-001,2026-08-27,7,12.62,0
res-001,2026-08-28,4,15.54,0
res-001,2026-08-29,5,8.74,1
res-001,2026-08-30,1,4.77,0
res-001,2026-08-31,4,7.38,0
res-001,2026-09-01,2,13.27,0
res-001,2026-09-02,2,10.03,0
res-001,2026-09-03,6,16.32,1
res-001,2026-09-04,4,7.25,0
res-001,2026-09-05,4,15.34,1
res-001,2026-09-06,3,6.8,0
res-001,2026-09-07,4,13.12,0
res-001,2026-09-08,7,12.7,0
res-001,2026-09-09,5,6.23,0
res-001,2026-09-10,4,8.47,0
res-001,2026-09-11,1,5.83,0
res-001,2026-09-12,2,8.97,0
res-001,2026-09-13,2,12.82,1
res-002,2026-05-17,1,13.15,1
res-002,2026-05-18,5,6.9,1
res-002,2026-05-19,2,6.9,0
res-002,2026-05-20,1,10.78,1
res-002,2026-05-21,3,10.71,0
res-002,2026-05-22,4,12.28,0
res-002,2026-05-23,2,11.03,0
res-002,2026-05-24,6,11.75,0
res-002,2026-05-25,2,12.09,1
res-002,2026-05-26,1,7.86,1
res-002,2026-05-27,1,9.58,1
res-002,2026-05-28,2,15.62,1
res-002,2026-05-29,1,10.35,0
res-002,2026-05-30,2,8.27,0
res-002,2026-05-31,2,10.67,1
res-002,2026-06-01,11,11.88,0
res-002,2026-06-02,1,7.18,1
res-002,2026-06-03,3,14.07,2
res-002,2026-06-04,6,15.24,0
res-002,2026-06-05,3,10.83,1
res-002,2026-06-06,2,11.53,1
res-002,2026-06-07,2,14.01,0
res-002,2026-06-08,6,10.8,0
res-002,2026-06-09,4,10.89,0
res-002,2026-06-10,5,12.2,0
res-002,2026-06-11,4,20.92,2
res-002,2026-06-12,4,16.77,0
res-002,2026-06-13,4,12.74,1
res-002,2026-06-14,6,17.21,0
res-002,2026-06-15,4,11.39,1
res-002,2026-06-16,2,18.31,1
res-002,2026-06-17,7,17.06,1
res-002,2026-06-18,3,14.58,1
res-002,2026-06-19,7,14.73,0
res-002,2026-06-20,5,19.03,0
res-002,2026-06-21,4,15.08,0
res-002,2026-06-22,5,15.47,0
res-002,2026-06-23,4,16.26,2
res-002,2026-06-24,2,20.51,0
res-002,2026-06-25,6,15.39,0
res-002,2026-06-26,5,11.78,0
res-002,2026-06-27,4,12.93,0
res-002,2026-06-28,6,25.38,0
res-002,2026-06-29,6,12.27,1
res-002,2026-06-30,6,19.78,1
res-002,2026-07-01,8,16.12,1
res-002,2026-07-02,3,16.25,1
res-002,2026-07-03,4,18.71,1
res-002,2026-07-04,7,20.29,0
res-002,2026-07-05,6,19.81,0
res-002,2026-07-06,4,21.25,2
res-002,2026-07-07,10,16.7,1
res-002,2026-07-08,0,19.11,1
res-002,2026-07-09,4,18.62,1
res-002,2026-07-10,4,21.3,1
res-002,2026-07-11,2,14.52,2
res-002,2026-07-12,6,19.45,0
res-002,2026-07-13,2,23.57,1
res-002,2026-07-14,3,25.13,0
res-002,2026-07-15,9,19.45,0
res-002,2026-07-16,7,18.19,0
res-002,2026-07-17,7,24.09,0
res-002,2026-07-18,7,15.85,2
res-002,2026-07-19,5,18.12,0
res-002,2026-07-20,6,28.61,1
res-002,2026-07-21,7,20.85,1
res-002,2026-07-22,9,24.3,0
res-002,2026-07-23,6,21.99,0
res-002,2026-07-24,11,20.11,1
res-002,2026-07-25,6,26.47,0
res-002,2026-07-26,5,22.3,0
res-002,2026-07-27,10,19.42,1
res-002,2026-07-28,8,26.03,1
res-002,2026-07-29,11,29.0,2
res-002,2026-07-30,7,27.23,1
res-002,2026-07-31,4,27.43,0
res-002,2026-08-01,13,24.32,0
res-002,2026-08-02,7,25.04,0
res-002,2026-08-03,3,22.22,1
res-002,2026-08-04,15,28.84,1
res-002,2026-08-05,5,23.41,1
res-002,2026-08-06,9,20.91,0
res-002,2026-08-07,11,26.95,0
res-002,2026-08-08,8,27.66,1
res-002,2026-08-09,10,24.59,1
res-002,2026-08-10,5,26.34,2
res-002,2026-08-11,7,33.55,0
res-002,2026-08-12,4,29.06,0
res-002,2026-08-13,6,28.46,2
res-002,2026-08-14,7,31.08,0
res-002,2026-08-15,5,29.41,1
res-002,2026-08-16,9,23.1,0
res-002,2026-08-17,5,26.38,1
res-002,2026-08-18,8,26.31,1
res-002,2026-08-19,9,20.89,0
res-002,2026-08-20,12,32.13,0
res-002,2026-08-21,8,24.6,0
res-002,2026-08-22,8,27.18,0
res-002,2026-08-23,13,29.9,0
res-002,2026-08-24,7,28.76,1
res-002,2026-08-25,8,34.38,1
res-002,2026-08-26,10,27.4,0
res-002,2026-08-27,5,31.28,0
res-002,2026-08-28,10,33.58,1
res-002,2026-08-29,12,27.01,2
res-002,2026-08-30,3,32.03,0
res-002,2026-08-31,10,33.03,0
res-002,2026-09-01,12,28.41,1
res-002,2026-09-02,12,28.28,0
res-002,2026-09-03,4,23.59,1
res-002,2026-09-04,11,33.66,0
res-002,2026-09-05,11,28.68,1
res-002,2026-09-06,7,24.52,1
res-002,2026-09-07,12,28.49,1
res-002,2026-09-08,5,35.48,2
res-002,2026-09-09,9,29.71,2
res-002,2026-09-10,16,33.33,2
res-002,2026-09-11,9,34.22,0
res-002,2026-09-12,4,28.67,2
res-002,2026-09-13,8,32.62,2
res-003,2026-05-17,0,8.72,0
res-003,2026-05-18,3,8.21,0
res-003,2026-05-19,3,9.7,0
res-003,2026-05-20,2,2.16,0
res-003,2026-05-21,1,8.8,0
res-003,2026-05-22,4,4.19,0
res-003,2026-05-23,2,9.87,0
res-003,2026-05-24,1,10.41,0
res-003,2026-05-25,5,13.22,0
res-003,2026-05-26,2,6.95,1
res-003,2026-05-27,4,6.77,0
res-003,2026-05-28,6,2.69,0
res-003,2026-05-29,2,10.67,0
res-003,2026-05-30,5,11.13,0
res-003,2026-05-31,4,7.21,0
res-003,2026-06-01,0,6.63,0
res-003,2026-06-02,2,8.55,1
res-003,2026-06-03,1,7.12,0
res-003,2026-06-04,2,11.59,0
res-003,2026-06-05,3,7.58,0
res-003,2026-06-06,6,7.38,0
res-003,2026-06-07,1,9.85,1
res-003,2026-06-08,1,3.19,1
res-003,2026-06-09,0,14.94,0
res-003,2026-06-10,7,5.37,0
res-003,2026-06-11,2,6.53,0
res-003,2026-06-12,4,12.79,1
res-003,2026-06-13,2,4.79,0
res-003,2026-06-14,2,3.21,0
res-003,2026-06-15,3,5.31,0
res-003,2026-06-16,0,11.09,1
res-003,2026-06-17,0,0.0,0
res-003,2026-06-18,2,4.98,0
res-003,2026-06-19,4,9.97,1
res-003,2026-06-20,3,10.42,0
res-003,2026-06-21,0,6.39,0
res-003,2026-06-22,4,5.56,0
res-003,2026-06-23,3,6.17,0
res-003,2026-06-24,2,0.11,0
res-003,2026-06-25,2,13.69,1
res-003,2026-06-26,6,11.58,0
res-003,2026-06-27,3,9.49,1
res-003,2026-06-28,5,12.65,0
res-003,2026-06-29,4,7.56,1
res-003,2026-06-30,4,4.76,0
res-003,2026-07-01,2,6.81,0
res-003,2026-07-02,6,8.67,0
res-003,2026-07-03,5,11.53,0
res-003,2026-07-04,0,4.89,0
res-003,2026-07-05,2,9.33,0
res-003,2026-07-06,5,13.5,1
res-003,2026-07-07,3,8.61,0
res-003,2026-07-08,5,11.47,0
res-003,2026-07-09,1,3.39,0
res-003,2026-07-10,1,10.45,0
res-003,2026-07-11,2,11.37,0
res-003,2026-07-12,4,4.45,1
res-003,2026-07-13,2,0.26,1
res-003,2026-07-14,3,11.83,0
res-003,2026-07-15,2,3.9,0
res-003,2026-07-16,3,3.79,1
res-003,2026-07-17,4,6.3,1
res-003,2026-07-18,1,7.13,0
res-003,2026-07-19,3,9.18,0
res-003,2026-07-20,3,4.49,0
res-003,2026-07-21,0,2.72,0
res-003,2026-07-22,4,8.36,0
res-003,2026-07-23,1,3.65,0
res-003,2026-07-24,5,7.28,0
res-003,2026-07-25,3,8.87,1
res-003,2026-07-26,0,6.14,0
res-003,2026-07-27,3,8.05,1
res-003,2026-07-28,2,5.52,1
res-003,2026-07-29,2,9.74,0
res-003,2026-07-30,2,8.12,0
res-003,2026-07-31,2,6.97,0
res-003,2026-08-01,3,11.47,0
res-003,2026-08-02,4,8.48,0
res-003,2026-08-03,5,4.54,0
res-003,2026-08-04,0,5.59,1
res-003,2026-08-05,2,3.74,1
res-003,2026-08-06,2,4.01,0
res-003,2026-08-07,0,5.29,0
res-003,2026-08-08,1,13.12,1
res-003,2026-08-09,3,0.76,1
res-003,2026-08-10,5,10.12,0
res-003,2026-08-11,2,13.39,0
res-003,2026-08-12,3,4.21,0
res-003,2026-08-13,0,5.7,0
res-003,2026-08-14,3,12.01,1
res-003,2026-08-15,2,6.88,0
res-003,2026-08-16,3,3.58,0
res-003,2026-08-17,0,6.13,1
res-003,2026-08-18,3,9.2,0
res-003,2026-08-19,0,7.93,0
res-003,2026-08-20,2,6.35,0
res-003,2026-08-21,1,3.74,0
res-003,2026-08-22,1,3.28,0
res-003,2026-08-23,1,9.17,1
res-003,2026-08-24,2,8.54,0
res-003,2026-08-25,4,6.44,1
res-003,2026-08-26,3,6.58,0
res-003,2026-08-27,1,9.33,1
res-003,2026-08-28,1,8.7,0
res-003,2026-08-29,1,8.37,0
res-003,2026-08-30,3,0.0,1
res-003,2026-08-31,4,7.06,0
res-003,2026-09-01,0,4.86,0
res-003,2026-09-02,2,9.25,1
res-003,2026-09-03,1,4.58,0
res-003,2026-09-04,2,7.92,0
res-003,2026-09-05,3,7.97,0
res-003,2026-09-06,2,3.52,0
res-003,2026-09-07,5,10.69,0
res-003,2026-09-08,5,7.29,0
res-003,2026-09-09,3,8.26,2
res-003,2026-09-10,5,11.16,0
res-003,2026-09-11,1,6.76,0
res-003,2026-09-12,3,6.27,1
res-003,2026-09-13,3,6.77,0
res-004,2026-05-17,3,15.75,0
res-004,2026-05-18,4,15.04,0
res-004,2026-05-19,3,14.74,0
res-004,2026-05-20,7,16.53,0
res-004,2026-05-21,4,16.02,1
res-004,2026-05-22,5,16.95,0
res-004,2026-05-23,5,12.58,1
res-004,2026-05-24,5,12.29,0
res-004,2026-05-25,7,16.23,2
res-004,2026-05-26,7,16.09,0
res-004,2026-05-27,3,13.07,0
res-004,2026-05-28,4,9.98,0
res-004,2026-05-29,5,12.6,0
res-004,2026-05-30,3,12.32,0
res-004,2026-05-31,3,9.54,0
res-004,2026-06-01,4,11.93,0
res-004,2026-06-02,7,13.34,2
res-004,2026-06-03,5,9.9,0
res-004,2026-06-04,3,16.49,0
res-004,2026-06-05,1,19.03,0
res-004,2026-06-06,2,12.44,0
res-004,2026-06-07,5,13.91,0
res-004,2026-06-08,4,13.65,0
res-004,2026-06-09,1,12.19,0
res-004,2026-06-10,7,16.27,0
res-004,2026-06-11,6,12.18,0
res-004,2026-06-12,4,13.62,1
res-004,2026-06-13,9,15.07,0
res-004,2026-06-14,3,17.37,0
res-004,2026-06-15,5,8.3,1
res-004,2026-06-16,4,15.98,0
res-004,2026-06-17,4,12.46,0
res-004,2026-06-18,8,16.66,0
res-004,2026-06-19,3,13.06,2
res-004,2026-06-20,4,8.34,0
res-004,2026-06-21,6,18.98,0
res-004,2026-06-22,3,12.71,0
res-004,2026-06-23,4,14.02,0
res-004,2026-06-24,3,9.43,0
res-004,2026-06-25,3,15.06,0
res-004,2026-06-26,2,9.54,0
res-004,2026-06-27,3,16.84,0
res-004,2026-06-28,5,11.81,1
res-004,2026-06-29,4,12.23,0
res-004,2026-06-30,2,18.48,0
res-004,2026-07-01,4,10.23,0
res-004,2026-07-02,4,13.15,0
res-004,2026-07-03,1,12.03,0
res-004,2026-07-04,1,9.87,1
res-004,2026-07-05,5,10.57,0
res-004,2026-07-06,3,21.02,1
res-004,2026-07-07,4,9.14,0
res-004,2026-07-08,8,15.84,0
res-004,2026-07-09,7,15.27,1
res-004,2026-07-10,3,12.7,0
res-004,2026-07-11,0,9.22,0
res-004,2026-07-12,8,12.72,0
res-004,2026-07-13,4,12.28,0
res-004,2026-07-14,10,20.53,1
res-004,2026-07-15,3,12.07,0
res-004,2026-07-16,5,13.27,2
res-004,2026-07-17,3,12.96,0
res-004,2026-07-18,2,10.01,0
res-004,2026-07-19,7,7.93,0
res-004,2026-07-20,6,15.22,0
res-004,2026-07-21,4,9.31,1
res-004,2026-07-22,5,17.8,0
res-004,2026-07-23,4,17.7,0
res-004,2026-07-24,7,10.37,1
res-004,2026-07-25,6,14.07,1
res-004,2026-07-26,1,15.86,0
res-004,2026-07-27,2,10.06,0
res-004,2026-07-28,12,15.33,1
res-004,2026-07-29,3,9.58,0
res-004,2026-07-30,10,15.51,0
res-004,2026-07-31,4,12.74,0
res-004,2026-08-01,6,15.6,1
res-004,2026-08-02,9,19.82,2
res-004,2026-08-03,9,14.79,0
res-004,2026-08-04,5,16.81,0
res-004,2026-08-05,4,10.39,0
res-004,2026-08-06,4,13.16,0
res-004,2026-08-07,5,9.75,0
res-004,2026-08-08,5,13.86,0
res-004,2026-08-09,3,9.18,1
res-004,2026-08-10,6,13.63,0
res-004,2026-08-11,9,12.34,0
res-004,2026-08-12,6,16.81,0
res-004,2026-08-13,2,14.31,0
res-004,2026-08-14,8,11.25,0
res-004,2026-08-15,3,13.73,1
res-004,2026-08-16,6,15.8,0
res-004,2026-08-17,5,19.19,0
res-004,2026-08-18,4,11.71,0
res-004,2026-08-19,7,14.9,1
res-004,2026-08-20,3,12.17,0
res-004,2026-08-21,3,12.04,0
res-004,2026-08-22,1,15.39,0
res-004,2026-08-23,5,16.31,0
res-004,2026-08-24,3,14.98,0
res-004,2026-08-25,4,15.01,0
res-004,2026-08-26,3,11.48,0
res-004,2026-08-27,5,12.35,1
res-004,2026-08-28,6,18.22,0
res-004,2026-08-29,7,13.83,0
res-004,2026-08-30,5,16.01,0
res-004,2026-08-31,2,8.37,0
res-004,2026-09-01,2,13.49,0
res-004,2026-09-02,4,18.52,0
res-004,2026-09-03,4,10.87,0
res-004,2026-09-04,5,9.65,0
res-004,2026-09-05,7,13.67,1
res-004,2026-09-06,3,11.1,0
res-004,2026-09-07,5,11.02,0
res-004,2026-09-08,4,15.66,1
res-004,2026-09-09,3,13.24,2
res-004,2026-09-10,7,14.98,0
res-004,2026-09-11,4,7.53,0
res-004,2026-09-12,5,17.66,0
res-004,2026-09-13,5,11.02,0
res-005,2026-05-17,10,32.22,2
res-005,2026-05-18,16,36.95,2
res-005,2026-05-19,9,37.31,0
res-005,2026-05-20,8,39.27,2
res-005,2026-05-21,11,43.26,1
res-005,2026-05-22,4,37.86,1
res-005,2026-05-23,9,39.31,1
res-005,2026-05-24,12,36.65,1
res-005,2026-05-25,14,36.56,1
res-005,2026-05-26,13,39.84,0
res-005,2026-05-27,7,34.78,0
res-005,2026-05-28,6,35.19,0
res-005,2026-05-29,7,33.4,0
res-005,2026-05-30,9,37.94,2
res-005,2026-05-31,10,33.74,0
res-005,2026-06-01,7,32.84,0
res-005,2026-06-02,7,33.83,1
res-005,2026-06-03,11,37.77,1
res-005,2026-06-04,7,30.98,2
res-005,2026-06-05,8,34.26,1
res-005,2026-06-06,14,34.41,1
res-005,2026-06-07,4,30.92,1
res-005,2026-06-08,6,32.1,1
res-005,2026-06-09,9,33.67,1
res-005,2026-06-10,8,32.13,1
res-005,2026-06-11,10,32.13,2
res-005,2026-06-12,15,31.1,0
res-005,2026-06-13,6,28.07,2
res-005,2026-06-14,9,34.03,0
res-005,2026-06-15,10,31.29,0
res-005,2026-06-16,12,27.94,0
res-005,2026-06-17,11,34.99,0
res-005,2026-06-18,6,30.86,0
res-005,2026-06-19,12,32.28,0
res-005,2026-06-20,10,29.14,1
res-005,2026-06-21,6,30.12,2
res-005,2026-06-22,11,25.09,1
res-005,2026-06-23,9,28.97,1
res-005,2026-06-24,9,27.72,0
res-005,2026-06-25,4,27.89,0
res-005,2026-06-26,6,29.09,1
res-005,2026-06-27,8,28.25,0
res-005,2026-06-28,9,24.64,2
res-005,2026-06-29,7,25.14,2
res-005,2026-06-30,2,33.36,0
res-005,2026-07-01,7,25.42,0
res-005,2026-07-02,6,29.29,0
res-005,2026-07-03,2,28.27,2
res-005,2026-07-04,6,27.21,0
res-005,2026-07-05,6,31.92,3
res-005,2026-07-06,5,20.68,0
res-005,2026-07-07,7,24.52,2
res-005,2026-07-08,9,24.78,0
res-005,2026-07-09,4,22.81,1
res-005,2026-07-10,6,27.89,1
res-005,2026-07-11,7,24.33,1
res-005,2026-07-12,7,25.15,3
res-005,2026-07-13,6,23.11,0
res-005,2026-07-14,5,22.18,1
res-005,2026-07-15,7,23.99,0
res-005,2026-07-16,8,25.26,2
res-005,2026-07-17,4,21.43,0
res-005,2026-07-18,8,17.92,1
res-005,2026-07-19,6,26.86,0
res-005,2026-07-20,9,26.32,1
res-005,2026-07-21,6,21.5,0
res-005,2026-07-22,9,22.51,0
res-005,2026-07-23,1,22.89,3
res-005,2026-07-24,5,20.77,0
res-005,2026-07-25,5,21.87,0
res-005,2026-07-26,8,22.17,2
res-005,2026-07-27,9,19.71,0
res-005,2026-07-28,5,17.86,0
res-005,2026-07-29,4,24.82,1
res-005,2026-07-30,9,20.13,0
res-005,2026-07-31,4,24.52,0
res-005,2026-08-01,4,20.45,0
res-005,2026-08-02,3,22.84,0
res-005,2026-08-03,8,19.41,0
res-005,2026-08-04,9,20.52,1
res-005,2026-08-05,3,16.61,1
res-005,2026-08-06,7,20.83,2
res-005,2026-08-07,5,16.55,0
res-005,2026-08-08,3,14.59,0
res-005,2026-08-09,5,17.9,0
res-005,2026-08-10,3,17.2,1
res-005,2026-08-11,4,18.25,0
res-005,2026-08-12,10,20.76,0
res-005,2026-08-13,2,15.79,0
res-005,2026-08-14,3,21.05,1
res-005,2026-08-15,3,9.88,1
res-005,2026-08-16,4,16.96,0
res-005,2026-08-17,4,19.52,0
res-005,2026-08-18,3,16.82,3
res-005,2026-08-19,5,15.01,2
res-005,2026-08-20,11,18.57,0
res-005,2026-08-21,2,13.13,0
res-005,2026-08-22,9,15.67,1
res-005,2026-08-23,4,18.9,2
res-005,2026-08-24,4,9.96,0
res-005,2026-08-25,4,9.94,1
res-005,2026-08-26,5,8.37,0
res-005,2026-08-27,1,18.65,1
res-005,2026-08-28,6,12.58,1
res-005,2026-08-29,2,15.01,0
res-005,2026-08-30,7,11.94,1
res-005,2026-08-31,3,13.9,0
res-005,2026-09-01,6,15.26,0
res-005,2026-09-02,7,12.01,1
res-005,2026-09-03,3,16.19,1
res-005,2026-09-04,8,7.31,1
res-005,2026-09-05,2,9.93,0
res-005,2026-09-06,6,14.65,0
res-005,2026-09-07,4,6.33,1
res-005,2026-09-08,2,8.03,2
res-005,2026-09-09,3,15.7,0
res-005,2026-09-10,5,18.49,0
res-005,2026-09-11,7,10.59,1
res-005,2026-09-12,4,14.62,0
res-005,2026-09-13,7,9.44,0
res-006,2026-05-17,4,13.61,0
res-006,2026-05-18,6,13.12,2
res-006,2026-05-19,5,19.32,0
res-006,2026-05-20,8,16.93,0
res-006,2026-05-21,3,13.91,0
res-006,2026-05-22,9,15.14,0
res-006,2026-05-23,2,15.9,0
res-006,2026-05-24,7,8.53,0
res-006,2026-05-25,7,16.01,0
res-006,2026-05-26,7,14.71,0
res-006,2026-05-27,5,14.26,0
res-006,2026-05-28,8,15.46,0
res-006,2026-05-29,5,13.17,0
res-006,2026-05-30,5,12.33,1
res-006,2026-05-31,6,21.0,0
res-006,2026-06-01,4,12.4,0
res-006,2026-06-02,5,12.65,0
res-006,2026-06-03,6,15.78,1
res-006,2026-06-04,4,21.63,0
res-006,2026-06-05,4,20.01,0
res-006,2026-06-06,6,11.79,0
res-006,2026-06-07,4,12.55,0
res-006,2026-06-08,5,13.48,0
res-006,2026-06-09,1,7.13,0
res-006,2026-06-10,6,19.67,0
res-006,2026-06-11,2,15.94,0
res-006,2026-06-12,5,15.54,1
res-006,2026-06-13,8,14.4,0
res-006,2026-06-14,4,21.35,0
res-006,2026-06-15,6,21.22,1
res-006,2026-06-16,2,17.46,0
res-006,2026-06-17,8,9.25,0
res-006,2026-06-18,3,18.72,0
res-006,2026-06-19,6,18.27,0
res-006,2026-06-20,6,17.57,0
res-006,2026-06-21,5,15.35,0
res-006,2026-06-22,4,21.54,1
res-006,2026-06-23,6,19.53,0
res-006,2026-06-24,6,16.75,1
res-006,2026-06-25,4,12.46,0
res-006,2026-06-26,4,21.23,0
res-006,2026-06-27,3,12.29,1
res-006,2026-06-28,7,16.57,0
res-006,2026-06-29,8,13.86,1
res-006,2026-06-30,6,13.77,0
res-006,2026-07-01,9,16.81,0
res-006,2026-07-02,4,17.28,0
res-006,2026-07-03,6,19.98,1
res-006,2026-07-04,6,13.87,0
res-006,2026-07-05,3,19.35,0
res-006,2026-07-06,4,16.38,0
res-006,2026-07-07,4,13.05,1
res-006,2026-07-08,6,18.69,0
res-006,2026-07-09,6,16.98,0
res-006,2026-07-10,1,18.29,0
res-006,2026-07-11,4,15.16,0
res-006,2026-07-12,5,18.35,0
res-006,2026-07-13,7,12.08,1
res-006,2026-07-14,6,14.56,1
res-006,2026-07-15,2,9.65,0
res-006,2026-07-16,6,13.87,0
res-006,2026-07-17,2,14.35,0
res-006,2026-07-18,3,13.85,0
res-006,2026-07-19,8,18.65,0
res-006,2026-07-20,5,11.97,1
res-006,2026-07-21,1,15.4,0
res-006,2026-07-22,5,11.85,1
res-006,2026-07-23,2,14.61,1
res-006,2026-07-24,6,19.11,0
res-006,2026-07-25,4,13.77,0
res-006,2026-07-26,4,14.68,0
res-006,2026-07-27,6,18.46,1
res-006,2026-07-28,6,12.58,0
res-006,2026-07-29,2,8.58,1
res-006,2026-07-30,6,18.03,1
res-006,2026-07-31,8,20.37,1
res-006,2026-08-01,1,13.14,1
res-006,2026-08-02,7,14.01,1
res-006,2026-08-03,4,16.39,0
res-006,2026-08-04,3,15.03,0
res-006,2026-08-05,11,17.91,0
res-006,2026-08-06,4,10.36,0
res-006,2026-08-07,5,12.99,1
res-006,2026-08-08,6,19.46,0
res-006,2026-08-09,8,18.84,0
res-006,2026-08-10,4,11.29,0
res-006,2026-08-11,4,12.06,0
res-006,2026-08-12,5,20.85,0
res-006,2026-08-13,4,16.74,0
res-006,2026-08-14,3,14.45,1
res-006,2026-08-15,1,12.35,0
res-006,2026-08-16,4,17.06,1
res-006,2026-08-17,5,12.92,0
res-006,2026-08-18,8,11.42,1
res-006,2026-08-19,3,18.94,1
res-006,2026-08-20,4,13.95,0
res-006,2026-08-21,3,14.58,0
res-006,2026-08-22,5,12.17,0
res-006,2026-08-23,4,15.43,0
res-006,2026-08-24,5,15.32,0
res-006,2026-08-25,9,15.99,0
res-006,2026-08-26,6,17.53,0
res-006,2026-08-27,8,12.97,0
res-006,2026-08-28,2,15.1,0
res-006,2026-08-29,3,13.39,3
res-006,2026-08-30,3,16.05,0
res-006,2026-08-31,8,16.59,0
res-006,2026-09-01,8,16.52,0
res-006,2026-09-02,8,14.55,0
res-006,2026-09-03,1,15.31,1
res-006,2026-09-04,9,13.88,1
res-006,2026-09-05,5,22.0,0
res-006,2026-09-06,5,18.47,0
res-006,2026-09-07,8,16.91,0
res-006,2026-09-08,5,14.51,0
res-006,2026-09-09,4,13.99,2
res-006,2026-09-10,7,14.31,2
res-006,2026-09-11,4,15.79,0
res-006,2026-09-12,2,17.29,1
res-006,2026-09-13,5,16.55,0
res-007,2026-05-17,2,11.5,1
res-007,2026-05-18,4,5.23,0
res-007,2026-05-19,1,7.35,1
res-007,2026-05-20,2,8.31,0
res-007,2026-05-21,3,6.38,1
res-007,2026-05-22,1,7.55,1
res-007,2026-05-23,4,7.97,1
res-007,2026-05-24,1,3.62,1
res-007,2026-05-25,1,9.87,0
res-007,2026-05-26,0,4.33,0
res-007,2026-05-27,3,6.49,0
res-007,2026-05-28,2,7.71,0
res-007,2026-05-29,0,9.28,0
res-007,2026-05-30,1,5.75,0
res-007,2026-05-31,1,10.59,0
res-007,2026-06-01,4,8.91,1
res-007,2026-06-02,4,5.22,0
res-007,2026-06-03,3,9.79,0
res-007,2026-06-04,0,8.69,2
res-007,2026-06-05,5,6.17,0
res-007,2026-06-06,8,12.99,0
res-007,2026-06-07,5,9.47,1
res-007,2026-06-08,3,13.17,0
res-007,2026-06-09,4,9.24,1
res-007,2026-06-10,3,12.86,0
res-007,2026-06-11,4,8.63,0
res-007,2026-06-12,4,4.32,0
res-007,2026-06-13,2,9.06,0
res-007,2026-06-14,6,5.06,0
res-007,2026-06-15,2,7.78,0
res-007,2026-06-16,5,13.91,0
res-007,2026-06-17,4,9.05,1
res-007,2026-06-18,4,6.22,1
res-007,2026-06-19,2,16.58,0
res-007,2026-06-20,2,13.22,0
res-007,2026-06-21,6,12.43,0
res-007,2026-06-22,4,21.15,0
res-007,2026-06-23,6,14.6,0
res-007,2026-06-24,6,16.42,1
res-007,2026-06-25,1,11.32,0
res-007,2026-06-26,5,16.45,1
res-007,2026-06-27,3,18.53,1
res-007,2026-06-28,3,11.65,0
res-007,2026-06-29,3,14.89,0
res-007,2026-06-30,4,20.23,0
res-007,2026-07-01,7,17.07,0
res-007,2026-07-02,9,17.42,1
res-007,2026-07-03,2,19.78,0
res-007,2026-07-04,3,17.65,1
res-007,2026-07-05,5,13.48,1
res-007,2026-07-06,7,18.66,0
res-007,2026-07-07,4,18.46,1
res-007,2026-07-08,4,8.55,0
res-007,2026-07-09,4,17.82,0
res-007,2026-07-10,4,18.2,0
res-007,2026-07-11,9,18.14,0
res-007,2026-07-12,6,15.24,0
res-007,2026-07-13,7,22.18,1
res-007,2026-07-14,4,19.18,0
res-007,2026-07-15,3,15.7,0
res-007,2026-07-16,10,10.16,1
res-007,2026-07-17,4,20.43,0
res-007,2026-07-18,5,16.18,3
res-007,2026-07-19,5,22.26,0
res-007,2026-07-20,9,16.11,0
res-007,2026-07-21,4,17.63,0
res-007,2026-07-22,5,18.08,0
res-007,2026-07-23,3,21.95,0
res-007,2026-07-24,6,19.14,1
res-007,2026-07-25,7,25.0,1
res-007,2026-07-26,8,18.35,0
res-007,2026-07-27,5,21.92,0
res-007,2026-07-28,1,17.83,0
res-007,2026-07-29,6,21.24,1
res-007,2026-07-30,12,21.28,1
res-007,2026-07-31,6,21.05,0
res-007,2026-08-01,4,21.85,0
res-007,2026-08-02,1,20.3,0
res-007,2026-08-03,6,25.03,2
res-007,2026-08-04,4,19.9,0
res-007,2026-08-05,4,24.24,1
res-007,2026-08-06,5,16.75,1
res-007,2026-08-07,3,24.48,1
res-007,2026-08-08,11,23.97,0
res-007,2026-08-09,3,23.04,3
res-007,2026-08-10,8,19.57,0
res-007,2026-08-11,5,26.38,2
res-007,2026-08-12,5,26.02,0
res-007,2026-08-13,5,24.72,1
res-007,2026-08-14,9,23.14,1
res-007,2026-08-15,8,18.01,0
res-007,2026-08-16,5,22.92,1
res-007,2026-08-17,9,18.36,0
res-007,2026-08-18,9,27.21,0
res-007,2026-08-19,10,31.12,1
res-007,2026-08-20,3,23.16,1
res-007,2026-08-21,5,28.42,1
res-007,2026-08-22,5,22.28,1
res-007,2026-08-23,10,27.71,1
res-007,2026-08-24,6,28.7,0
res-007,2026-08-25,5,23.97,0
res-007,2026-08-26,4,27.05,0
res-007,2026-08-27,4,24.74,0
res-007,2026-08-28,4,28.26,2
res-007,2026-08-29,9,25.54,1
res-007,2026-08-30,6,23.24,1
res-007,2026-08-31,7,25.08,3
res-007,2026-09-01,10,24.44,0
res-007,2026-09-02,7,25.15,0
res-007,2026-09-03,6,30.18,0
res-007,2026-09-04,6,25.55,0
res-007,2026-09-05,9,26.8,0
res-007,2026-09-06,4,32.91,2
res-007,2026-09-07,5,28.1,1
res-007,2026-09-08,14,24.85,0
res-007,2026-09-09,14,21.13,2
res-007,2026-09-10,12,30.2,0
res-007,2026-09-11,4,25.87,0
res-007,2026-09-12,12,30.77,0
res-007,2026-09-13,3,36.59,0
res-008,2026-05-17,2,9.18,0
res-008,2026-05-18,3,6.44,0
res-008,2026-05-19,4,7.25,0
res-008,2026-05-20,3,8.68,0
res-008,2026-05-21,0,3.6,1
res-008,2026-05-22,1,7.87,0
res-008,2026-05-23,0,0.07,0
res-008,2026-05-24,2,0.0,1
res-008,2026-05-25,0,6.5,0
res-008,2026-05-26,1,4.07,0
res-008,2026-05-27,0,2.86,0
res-008,2026-05-28,0,6.41,0
res-008,2026-05-29,3,2.93,0
res-008,2026-05-30,0,1.49,0
res-008,2026-05-31,2,4.15,0
res-008,2026-06-01,0,0.0,0
res-008,2026-06-02,0,2.24,0
res-008,2026-06-03,0,4.81,0
res-008,2026-06-04,1,3.63,0
res-008,2026-06-05,2,7.13,0
res-008,2026-06-06,0,6.94,0
res-008,2026-06-07,1,6.8,0
res-008,2026-06-08,1,6.71,0
res-008,2026-06-09,1,1.67,0
res-008,2026-06-10,2,3.84,0
res-008,2026-06-11,1,3.36,0
res-008,2026-06-12,2,4.37,0
res-008,2026-06-13,0,2.33,0
res-008,2026-06-14,1,4.38,0
res-008,2026-06-15,2,15.68,0
res-008,2026-06-16,1,3.57,1
res-008,2026-06-17,0,6.73,0
res-008,2026-06-18,2,1.01,1
res-008,2026-06-19,4,3.05,0
res-008,2026-06-20,0,0.0,0
res-008,2026-06-21,0,0.0,1
res-008,2026-06-22,1,4.28,0
res-008,2026-06-23,0,4.47,0
res-008,2026-06-24,2,0.0,0
res-008,2026-06-25,0,4.03,1
res-008,2026-06-26,2,6.02,0
res-008,2026-06-27,1,4.15,0
res-008,2026-06-28,1,9.99,0
res-008,2026-06-29,0,0.89,1
res-008,2026-06-30,3,7.44,0
res-008,2026-07-01,3,0.86,0
res-008,2026-07-02,3,0.0,0
res-008,2026-07-03,0,5.83,0
res-008,2026-07-04,4,8.73,0
res-008,2026-07-05,1,0.0,0
res-008,2026-07-06,2,7.16,1
res-008,2026-07-07,2,1.81,0
res-008,2026-07-08,2,9.97,0
res-008,2026-07-09,2,8.46,0
res-008,2026-07-10,0,4.42,0
res-008,2026-07-11,1,5.23,0
res-008,2026-07-12,4,6.53,0
res-008,2026-07-13,2,6.93,0
res-008,2026-07-14,2,0.0,0
res-008,2026-07-15,0,1.93,0
res-008,2026-07-16,1,6.97,0
res-008,2026-07-17,0,7.65,0
res-008,2026-07-18,1,12.74,0
res-008,2026-07-19,2,0.31,2
res-008,2026-07-20,2,5.07,1
res-008,2026-07-21,0,5.05,1
res-008,2026-07-22,2,2.54,0
res-008,2026-07-23,2,5.21,1
res-008,2026-07-24,3,7.77,1
res-008,2026-07-25,0,4.34,0
res-008,2026-07-26,1,6.76,1
res-008,2026-07-27,1,4.54,0
res-008,2026-07-28,0,1.64,0
res-008,2026-07-29,1,0.0,0
res-008,2026-07-30,1,6.42,0
res-008,2026-07-31,4,9.52,0
res-008,2026-08-01,1,10.27,0
res-008,2026-08-02,2,3.83,1
res-008,2026-08-03,2,6.82,0
res-008,2026-08-04,0,0.54,1
res-008,2026-08-05,2,5.71,0
res-008,2026-08-06,0,0.0,0
res-008,2026-08-07,1,2.13,0
res-008,2026-08-08,1,0.0,0
res-008,2026-08-09,0,5.29,0
res-008,2026-08-10,2,7.89,0
res-008,2026-08-11,0,4.14,0
res-008,2026-08-12,1,2.73,2
res-008,2026-08-13,2,4.42,0
res-008,2026-08-14,2,7.61,1
res-008,2026-08-15,0,4.69,0
res-008,2026-08-16,2,3.34,0
res-008,2026-08-17,1,6.46,0
res-008,2026-08-18,1,1.87,1
res-008,2026-08-19,1,2.15,0
res-008,2026-08-20,1,3.75,1
res-008,2026-08-21,1,3.54,1
res-008,2026-08-22,0,2.19,0
res-008,2026-08-23,0,6.3,0
res-008,2026-08-24,1,5.02,1
res-008,2026-08-25,1,5.67,0
res-008,2026-08-26,0,0.84,1
res-008,2026-08-27,2,7.4,0
res-008,2026-08-28,3,4.39,2
res-008,2026-08-29,5,8.73,1
res-008,2026-08-30,2,5.62,0
res-008,2026-08-31,0,1.48,0
res-008,2026-09-01,1,0.0,1
res-008,2026-09-02,0,4.19,1
res-008,2026-09-03,2,9.0,0
res-008,2026-09-04,2,3.22,1
res-008,2026-09-05,2,4.34,0
res-008,2026-09-06,0,9.65,0
res-008,2026-09-07,2,6.84,0
res-008,2026-09-08,2,8.19,0
res-008,2026-09-09,2,0.0,0
res-008,2026-09-10,1,2.84,0
res-008,2026-09-11,0,0.0,1
res-008,2026-09-12,1,5.6,0
res-008,2026-09-13,2,5.92,1
res-009,2026-05-17,2,3.71,0
res-009,2026-05-18,1,4.76,0
res-009,2026-05-19,1,0.66,0
res-009,2026-05-20,0,3.28,1
res-009,2026-05-21,0,1.75,0
res-009,2026-05-22,0,2.04,0
res-009,2026-05-23,0,3.46,0
res-009,2026-05-24,0,3.5,1
res-009,2026-05-25,1,0.16,0
res-009,2026-05-26,3,5.32,0
res-009,2026-05-27,0,3.7,0
res-009,2026-05-28,0,0.71,1
res-009,2026-05-29,1,4.94,1
res-009,2026-05-30,1,1.7,0
res-009,2026-05-31,2,2.75,0
res-009,2026-06-01,0,9.12,0
res-009,2026-06-02,1,7.67,0
res-009,2026-06-03,0,0.0,0
res-009,2026-06-04,1,8.36,0
res-009,2026-06-05,0,0.0,0
res-009,2026-06-06,0,8.59,0
res-009,2026-06-07,0,4.36,1
res-009,2026-06-08,0,3.49,0
res-009,2026-06-09,3,0.0,0
res-009,2026-06-10,0,0.0,1
res-009,2026-06-11,1,2.97,0
res-009,2026-06-12,0,1.81,0
res-009,2026-06-13,2,2.78,0
res-009,2026-06-14,0,9.27,1
res-009,2026-06-15,0,0.0,0
res-009,2026-06-16,2,6.6,0
res-009,2026-06-17,0,0.0,0
res-009,2026-06-18,1,0.14,0
res-009,2026-06-19,1,8.88,0
res-009,2026-06-20,4,7.18,0
res-009,2026-06-21,2,6.03,1
res-009,2026-06-22,1,0.0,0
res-009,2026-06-23,1,3.45,0
res-009,2026-06-24,0,0.0,0
res-009,2026-06-25,2,2.78,0
res-009,2026-06-26,1,4.39,1
res-009,2026-06-27,1,5.99,0
res-009,2026-06-28,0,2.02,0
res-009,2026-06-29,3,6.57,0
res-009,2026-06-30,1,7.56,0
res-009,2026-07-01,2,3.43,3
res-009,2026-07-02,1,6.33,1
res-009,2026-07-03,0,5.31,0
res-009,2026-07-04,0,3.04,0
res-009,2026-07-05,3,0.0,3
res-009,2026-07-06,1,0.14,0
res-009,2026-07-07,1,3.74,0
res-009,2026-07-08,2,0.15,0
res-009,2026-07-09,1,3.02,0
res-009,2026-07-10,1,1.52,0
res-009,2026-07-11,0,4.02,0
res-009,2026-07-12,1,0.0,1
res-009,2026-07-13,0,3.76,0
res-009,2026-07-14,1,2.17,3
res-009,2026-07-15,0,4.56,0
res-009,2026-07-16,0,1.93,0
res-009,2026-07-17,1,1.6,0
res-009,2026-07-18,1,2.02,0
res-009,2026-07-19,0,0.75,0
res-009,2026-07-20,1,1.68,0
res-009,2026-07-21,1,6.95,1
res-009,2026-07-22,2,7.17,0
res-009,2026-07-23,2,1.55,1
res-009,2026-07-24,1,5.88,1
res-009,2026-07-25,2,2.45,1
res-009,2026-07-26,1,2.7,0
res-009,2026-07-27,2,6.45,0
res-009,2026-07-28,0,1.13,0
res-009,2026-07-29,1,3.7,0
res-009,2026-07-30,1,1.63,0
res-009,2026-07-31,2,3.14,0
res-009,2026-08-01,2,0.0,0
res-009,2026-08-02,0,1.81,0
res-009,2026-08-03,0,3.28,1
res-009,2026-08-04,0,0.0,0
res-009,2026-08-05,5,0.0,0
res-009,2026-08-06,0,5.56,0
res-009,2026-08-07,1,5.02,0
res-009,2026-08-08,2,0.34,1
res-009,2026-08-09,1,9.66,2
res-009,2026-08-10,1,3.89,0
res-009,2026-08-11,1,0.0,0
res-009,2026-08-12,1,6.09,0
res-009,2026-08-13,0,3.59,0
res-009,2026-08-14,3,0.0,1
res-009,2026-08-15,1,4.85,0
res-009,2026-08-16,5,0.0,0
res-009,2026-08-17,2,6.92,0
res-009,2026-08-18,3,4.77,0
res-009,2026-08-19,1,0.49,1
res-009,2026-08-20,1,2.94,0
res-009,2026-08-21,1,8.98,0
res-009,2026-08-22,1,7.43,3
res-009,2026-08-23,1,6.09,0
res-009,2026-08-24,1,4.57,0
res-009,2026-08-25,0,2.88,0
res-009,2026-08-26,1,7.65,1
res-009,2026-08-27,4,4.22,0
res-009,2026-08-28,2,4.0,0
res-009,2026-08-29,3,2.38,0
res-009,2026-08-30,1,6.58,0
res-009,2026-08-31,2,3.68,0
res-009,2026-09-01,0,0.0,0
res-009,2026-09-02,3,3.53,0
res-009,2026-09-03,1,9.32,1
res-009,2026-09-04,2,7.41,0
res-009,2026-09-05,1,6.3,0
res-009,2026-09-06,4,0.0,0
res-009,2026-09-07,0,5.06,0
res-009,2026-09-08,3,8.43,1
res-009,2026-09-09,0,3.11,0
res-009,2026-09-10,1,3.14,0
res-009,2026-09-11,3,4.73,0
res-009,2026-09-12,0,7.93,0
res-009,2026-09-13,2,4.63,1
res-010,2026-05-17,3,15.28,0
res-010,2026-05-18,2,10.85,0
res-010,2026-05-19,2,12.85,0
res-010,2026-05-20,6,14.89,0
res-010,2026-05-21,5,14.48,0
res-010,2026-05-22,3,8.21,0
res-010,2026-05-23,4,10.2,0
res-010,2026-05-24,4,18.08,0
res-010,2026-05-25,5,12.48,0
res-010,2026-05-26,5,12.94,0
res-010,2026-05-27,5,9.56,0
res-010,2026-05-28,2,20.35,0
res-010,2026-05-29,7,14.88,0
res-010,2026-05-30,1,11.5,0
res-010,2026-05-31,1,10.79,0
res-010,2026-06-01,7,15.54,1
res-010,2026-06-02,10,11.25,0
res-010,2026-06-03,8,15.83,0
res-010,2026-06-04,4,14.53,0
res-010,2026-06-05,3,9.36,2
res-010,2026-06-06,6,12.73,0
res-010,2026-06-07,4,11.41,0
res-010,2026-06-08,4,13.33,0
res-010,2026-06-09,10,15.32,0
res-010,2026-06-10,6,17.71,0
res-010,2026-06-11,2,15.13,0
res-010,2026-06-12,4,13.62,0
res-010,2026-06-13,4,13.56,0
res-010,2026-06-14,5,10.22,0
res-010,2026-06-15,5,15.62,0
res-010,2026-06-16,5,25.3,0
res-010,2026-06-17,6,10.51,0
res-010,2026-06-18,3,8.17,0
res-010,2026-06-19,4,13.0,0
res-010,2026-06-20,3,15.56,0
res-010,2026-06-21,2,15.93,0
res-010,2026-06-22,7,19.74,0
res-010,2026-06-23,6,12.23,0
res-010,2026-06-24,4,8.91,0
res-010,2026-06-25,5,17.28,0
res-010,2026-06-26,10,15.59,1
res-010,2026-06-27,2,12.28,0
res-010,2026-06-28,1,10.89,1
res-010,2026-06-29,3,15.13,0
res-010,2026-06-30,1,19.4,1
res-010,2026-07-01,2,12.81,1
res-010,2026-07-02,7,10.28,0
res-010,2026-07-03,4,11.73,1
res-010,2026-07-04,6,14.81,0
res-010,2026-07-05,4,12.64,1
res-010,2026-07-06,7,14.94,1
res-010,2026-07-07,4,14.26,0
res-010,2026-07-08,1,15.28,1
res-010,2026-07-09,3,13.56,0
res-010,2026-07-10,4,11.98,0
res-010,2026-07-11,2,15.27,0
res-010,2026-07-12,7,10.98,0
res-010,2026-07-13,5,6.52,0
res-010,2026-07-14,1,11.65,0
res-010,2026-07-15,6,12.45,0
res-010,2026-07-16,3,12.1,0
res-010,2026-07-17,3,16.69,0
res-010,2026-07-18,8,14.22,0
res-010,2026-07-19,3,13.19,0
res-010,2026-07-20,7,11.94,0
res-010,2026-07-21,6,5.98,0
res-010,2026-07-22,5,16.95,1
res-010,2026-07-23,3,17.08,0
res-010,2026-07-24,3,12.44,0
res-010,2026-07-25,2,18.82,0
res-010,2026-07-26,3,10.97,1
res-010,2026-07-27,3,14.85,0
res-010,2026-07-28,2,14.24,1
res-010,2026-07-29,4,12.93,1
res-010,2026-07-30,5,12.49,0
res-010,2026-07-31,3,14.65,0
res-010,2026-08-01,6,15.68,0
res-010,2026-08-02,4,13.28,1
res-010,2026-08-03,2,12.18,0
res-010,2026-08-04,6,16.92,1
res-010,2026-08-05,5,11.26,0
res-010,2026-08-06,7,10.12,0
res-010,2026-08-07,1,17.45,0
res-010,2026-08-08,4,17.99,0
res-010,2026-08-09,4,14.4,0
res-010,2026-08-10,4,16.14,1
res-010,2026-08-11,2,18.05,0
res-010,2026-08-12,3,14.76,1
res-010,2026-08-13,2,13.82,1
res-010,2026-08-14,4,19.15,0
res-010,2026-08-15,4,15.36,1
res-010,2026-08-16,8,11.23,0
res-010,2026-08-17,5,11.28,0
res-010,2026-08-18,5,17.17,2
res-010,2026-08-19,6,13.16,1
res-010,2026-08-20,3,8.98,0
res-010,2026-08-21,2,5.93,0
res-010,2026-08-22,3,13.78,0
res-010,2026-08-23,5,14.47,2
res-010,2026-08-24,5,13.08,0
res-010,2026-08-25,9,16.37,0
res-010,2026-08-26,3,11.91,2
res-010,2026-08-27,6,15.22,0
res-010,2026-08-28,3,11.86,1
res-010,2026-08-29,8,15.96,1
res-010,2026-08-30,6,15.18,0
res-010,2026-08-31,2,15.02,0
res-010,2026-09-01,2,18.27,0
res-010,2026-09-02,3,11.18,0
res-010,2026-09-03,6,17.12,0
res-010,2026-09-04,4,12.75,0
res-010,2026-09-05,3,12.07,0
res-010,2026-09-06,7,17.93,0
res-010,2026-09-07,3,13.01,0
res-010,2026-09-08,7,15.42,0
res-010,2026-09-09,2,11.98,0
res-010,2026-09-10,4,13.35,0
res-010,2026-09-11,7,18.1,1
res-010,2026-09-12,5,17.48,1
res-010,2026-09-13,6,14.8,0
res-011,2026-05-17,4,39.3,0
res-011,2026-05-18,8,38.88,2
res-011,2026-05-19,8,39.18,1
res-011,2026-05-20,8,30.95,0
res-011,2026-05-21,12,43.59,3
res-011,2026-05-22,7,36.98,1
res-011,2026-05-23,6,41.81,0
res-011,2026-05-24,8,35.58,0
res-011,2026-05-25,9,35.93,0
res-011,2026-05-26,7,35.14,1
res-011,2026-05-27,7,38.36,3
res-011,2026-05-28,7,30.55,0
res-011,2026-05-29,7,35.32,1
res-011,2026-05-30,8,33.83,2
res-011,2026-05-31,10,31.57,3
res-011,2026-06-01,6,34.98,1
res-011,2026-06-02,14,37.17,2
res-011,2026-06-03,7,32.73,0
res-011,2026-06-04,5,28.31,0
res-011,2026-06-05,5,34.03,0
res-011,2026-06-06,8,35.25,2
res-011,2026-06-07,12,27.48,0
res-011,2026-06-08,11,37.56,0
res-011,2026-06-09,9,36.52,1
res-011,2026-06-10,9,34.22,1
res-011,2026-06-11,9,37.66,1
res-011,2026-06-12,9,34.73,0
res-011,2026-06-13,9,29.93,0
res-011,2026-06-14,14,36.33,1
res-011,2026-06-15,8,29.32,1
res-011,2026-06-16,12,31.69,1
res-011,2026-06-17,5,25.37,1
res-011,2026-06-18,6,28.34,0
res-011,2026-06-19,11,29.89,0
res-011,2026-06-20,3,32.4,0
res-011,2026-06-21,7,23.89,2
res-011,2026-06-22,6,31.41,1
res-011,2026-06-23,10,27.39,0
res-011,2026-06-24,6,28.92,2
res-011,2026-06-25,7,28.66,2
res-011,2026-06-26,6,29.19,0
res-011,2026-06-27,9,25.24,0
res-011,2026-06-28,9,26.87,1
res-011,2026-06-29,8,23.36,0
res-011,2026-06-30,8,28.79,0
res-011,2026-07-01,6,24.36,0
res-011,2026-07-02,4,21.84,2
res-011,2026-07-03,5,33.59,0
res-011,2026-07-04,8,28.36,0
res-011,2026-07-05,5,28.05,0
res-011,2026-07-06,14,30.07,3
res-011,2026-07-07,7,23.93,2
res-011,2026-07-08,5,24.17,0
res-011,2026-07-09,7,25.7,2
res-011,2026-07-10,8,22.35,0
res-011,2026-07-11,10,27.13,1
res-011,2026-07-12,5,26.49,0
res-011,2026-07-13,5,24.3,1
res-011,2026-07-14,10,16.91,1
res-011,2026-07-15,15,24.57,2
res-011,2026-07-16,7,21.21,1
res-011,2026-07-17,3,21.43,0
res-011,2026-07-18,9,20.63,0
res-011,2026-07-19,7,24.54,3
res-011,2026-07-20,6,17.48,2
res-011,2026-07-21,4,23.06,2
res-011,2026-07-22,11,24.25,0
res-011,2026-07-23,3,18.87,0
res-011,2026-07-24,2,21.81,0
res-011,2026-07-25,3,21.57,0
res-011,2026-07-26,8,23.0,0
res-011,2026-07-27,4,21.54,2
res-011,2026-07-28,6,22.86,1
res-011,2026-07-29,4,21.41,1
res-011,2026-07-30,3,24.07,0
res-011,2026-07-31,6,19.84,2
res-011,2026-08-01,6,23.67,0
res-011,2026-08-02,4,16.17,0
res-011,2026-08-03,6,18.94,2
res-011,2026-08-04,5,17.6,0
res-011,2026-08-05,3,14.07,0
res-011,2026-08-06,2,19.1,1
res-011,2026-08-07,5,20.26,1
res-011,2026-08-08,3,17.4,1
res-011,2026-08-09,3,12.5,1
res-011,2026-08-10,7,15.9,0
res-011,2026-08-11,1,16.3,1
res-011,2026-08-12,10,13.68,0
res-011,2026-08-13,5,11.69,1
res-011,2026-08-14,4,16.4,2
res-011,2026-08-15,3,12.19,1
res-011,2026-08-16,6,22.3,1
res-011,2026-08-17,6,17.13,0
res-011,2026-08-18,3,14.75,0
res-011,2026-08-19,2,18.44,1
res-011,2026-08-20,7,9.95,0
res-011,2026-08-21,6,16.84,1
res-011,2026-08-22,9,14.06,1
res-011,2026-08-23,3,15.55,0
res-011,2026-08-24,2,19.46,0
res-011,2026-08-25,3,12.25,0
res-011,2026-08-26,2,16.14,0
res-011,2026-08-27,4,10.5,1
res-011,2026-08-28,2,13.91,1
res-011,2026-08-29,2,9.24,0
res-011,2026-08-30,5,15.8,1
res-011,2026-08-31,1,13.79,0
res-011,2026-09-01,3,15.26,0
res-011,2026-09-02,7,15.62,0
res-011,2026-09-03,5,12.72,2
res-011,2026-09-04,3,7.73,0
res-011,2026-09-05,5,7.79,2
res-011,2026-09-06,2,7.86,4
res-011,2026-09-07,1,3.42,0
res-011,2026-09-08,3,12.81,0
res-011,2026-09-09,3,11.4,3
res-011,2026-09-10,2,9.19,0
res-011,2026-09-11,5,10.01,1
res-011,2026-09-12,2,5.58,1
res-011,2026-09-13,5,8.87,3
res-012,2026-05-17,2,2.82,0
res-012,2026-05-18,6,17.92,0
res-012,2026-05-19,1,11.65,0
res-012,2026-05-20,3,6.01,0
res-012,2026-05-21,1,6.28,0
res-012,2026-05-22,1,11.51,1
res-012,2026-05-23,6,13.87,1
res-012,2026-05-24,1,17.62,0
res-012,2026-05-25,4,9.87,0
res-012,2026-05-26,3,7.68,0
res-012,2026-05-27,6,12.22,2
res-012,2026-05-28,4,12.24,1
res-012,2026-05-29,4,7.38,0
res-012,2026-05-30,2,11.37,0
res-012,2026-05-31,4,14.32,0
res-012,2026-06-01,6,11.45,0
res-012,2026-06-02,4,10.65,0
res-012,2026-06-03,4,7.33,1
res-012,2026-06-04,7,9.85,1
res-012,2026-06-05,3,7.31,1
res-012,2026-06-06,6,10.89,1
res-012,2026-06-07,3,10.53,0
res-012,2026-06-08,5,13.73,0
res-012,2026-06-09,4,12.98,0
res-012,2026-06-10,1,6.52,0
res-012,2026-06-11,3,9.31,0
res-012,2026-06-12,4,11.92,0
res-012,2026-06-13,6,7.36,0
res-012,2026-06-14,5,10.87,0
res-012,2026-06-15,8,11.06,0
res-012,2026-06-16,2,5.71,0
res-012,2026-06-17,1,6.08,0
res-012,2026-06-18,5,10.16,0
res-012,2026-06-19,2,12.68,0
res-012,2026-06-20,8,14.53,0
res-012,2026-06-21,2,12.13,0
res-012,2026-06-22,4,9.42,0
res-012,2026-06-23,5,11.07,1
res-012,2026-06-24,3,11.52,0
res-012,2026-06-25,2,8.38,0
res-012,2026-06-26,2,7.34,0
res-012,2026-06-27,4,16.16,0
res-012,2026-06-28,3,8.86,0
res-012,2026-06-29,2,7.45,0
res-012,2026-06-30,6,15.31,0
res-012,2026-07-01,2,11.78,0
res-012,2026-07-02,9,6.17,0
res-012,2026-07-03,3,13.4,0
res-012,2026-07-04,4,13.7,0
res-012,2026-07-05,1,6.85,0
res-012,2026-07-06,0,13.2,0
res-012,2026-07-07,5,7.51,0
res-012,2026-07-08,3,8.52,1
res-012,2026-07-09,3,1.4,0
res-012,2026-07-10,2,10.85,0
res-012,2026-07-11,3,10.52,1
res-012,2026-07-12,4,5.65,0
res-012,2026-07-13,4,15.03,2
res-012,2026-07-14,4,12.45,0
res-012,2026-07-15,3,13.04,0
res-012,2026-07-16,7,11.07,0
res-012,2026-07-17,5,14.4,0
res-012,2026-07-18,4,8.61,0
res-012,2026-07-19,2,8.47,0
res-012,2026-07-20,4,7.2,1
res-012,2026-07-21,6,10.41,0
res-012,2026-07-22,4,10.59,0
res-012,2026-07-23,4,12.53,0
res-012,2026-07-24,4,7.18,0
res-012,2026-07-25,5,4.54,0
res-012,2026-07-26,4,10.75,0
res-012,2026-07-27,3,6.81,0
res-012,2026-07-28,1,9.67,0
res-012,2026-07-29,5,11.88,0
res-012,2026-07-30,2,12.74,0
res-012,2026-07-31,2,8.09,0
res-012,2026-08-01,3,12.07,0
res-012,2026-08-02,4,11.81,1
res-012,2026-08-03,4,15.82,1
res-012,2026-08-04,5,7.22,0
res-012,2026-08-05,3,3.85,0
res-012,2026-08-06,5,8.85,1
res-012,2026-08-07,3,6.52,1
res-012,2026-08-08,3,11.09,0
res-012,2026-08-09,2,13.04,0
res-012,2026-08-10,5,7.85,0
res-012,2026-08-11,3,13.52,1
res-012,2026-08-12,3,10.84,0
res-012,2026-08-13,5,6.76,1
res-012,2026-08-14,2,4.3,2
res-012,2026-08-15,1,13.95,0
res-012,2026-08-16,5,8.81,0
res-012,2026-08-17,5,8.71,0
res-012,2026-08-18,4,11.53,0
res-012,2026-08-19,4,14.29,2
res-012,2026-08-20,1,6.96,0
res-012,2026-08-21,4,11.26,1
res-012,2026-08-22,2,7.86,0
res-012,2026-08-23,6,10.28,0
res-012,2026-08-24,3,8.69,0
res-012,2026-08-25,4,11.73,1
res-012,2026-08-26,2,9.83,0
res-012,2026-08-27,2,12.66,0
res-012,2026-08-28,3,10.17,0
res-012,2026-08-29,4,4.82,0
res-012,2026-08-30,3,7.25,0
res-012,2026-08-31,3,9.77,0
res-012,2026-09-01,2,8.77,0
res-012,2026-09-02,2,14.18,2
res-012,2026-09-03,1,11.71,0
res-012,2026-09-04,2,6.36,0
res-012,2026-09-05,4,14.16,2
res-012,2026-09-06,3,13.36,1
res-012,2026-09-07,6,7.81,0
res-012,2026-09-08,7,14.82,0
res-012,2026-09-09,0,7.24,0
res-012,2026-09-10,2,10.77,0
res-012,2026-09-11,5,7.56,0
res-012,2026-09-12,5,7.59,0
res-012,2026-09-13,5,6.26,0
res-013,2026-05-17,3,7.46,1
res-013,2026-05-18,3,12.1,1
res-013,2026-05-19,0,15.63,0
res-013,2026-05-20,4,17.48,2
res-013,2026-05-21,3,14.15,0
res-013,2026-05-22,6,14.37,0
res-013,2026-05-23,5,11.71,0
res-013,2026-05-24,4,13.53,1
res-013,2026-05-25,4,9.4,1
res-013,2026-05-26,4,14.29,0
res-013,2026-05-27,4,7.25,0
res-013,2026-05-28,6,11.05,0
res-013,2026-05-29,3,5.43,0
res-013,2026-05-30,2,9.8,0
res-013,2026-05-31,1,10.61,0
res-013,2026-06-01,3,7.33,1
res-013,2026-06-02,1,6.95,0
res-013,2026-06-03,5,10.7,1
res-013,2026-06-04,6,12.86,0
res-013,2026-06-05,4,18.79,0
res-013,2026-06-06,5,10.33,0
res-013,2026-06-07,2,10.78,1
res-013,2026-06-08,5,10.19,1
res-013,2026-06-09,3,11.27,0
res-013,2026-06-10,2,16.93,0
res-013,2026-06-11,6,14.73,0
res-013,2026-06-12,6,17.81,1
res-013,2026-06-13,5,8.46,3
res-013,2026-06-14,3,10.12,0
res-013,2026-06-15,5,7.89,0
res-013,2026-06-16,8,13.37,1
res-013,2026-06-17,3,14.97,0
res-013,2026-06-18,6,6.99,0
res-013,2026-06-19,2,11.9,0
res-013,2026-06-20,4,14.44,0
res-013,2026-06-21,4,18.62,0
res-013,2026-06-22,3,12.39,3
res-013,2026-06-23,2,13.88,1
res-013,2026-06-24,2,9.46,0
res-013,2026-06-25,6,6.32,0
res-013,2026-06-26,3,11.63,0
res-013,2026-06-27,5,15.24,1
res-013,2026-06-28,2,9.39,0
res-013,2026-06-29,4,14.13,1
res-013,2026-06-30,1,6.81,0
res-013,2026-07-01,7,8.94,1
res-013,2026-07-02,4,10.27,1
res-013,2026-07-03,2,9.99,1
res-013,2026-07-04,4,6.71,0
res-013,2026-07-05,3,6.8,0
res-013,2026-07-06,6,6.46,0
res-013,2026-07-07,3,13.39,0
res-013,2026-07-08,5,11.16,0
res-013,2026-07-09,3,15.06,2
res-013,2026-07-10,2,8.13,0
res-013,2026-07-11,0,12.93,1
res-013,2026-07-12,3,8.89,0
res-013,2026-07-13,2,15.07,1
res-013,2026-07-14,4,14.68,0
res-013,2026-07-15,7,5.31,0
res-013,2026-07-16,0,13.14,0
res-013,2026-07-17,4,6.13,0
res-013,2026-07-18,4,10.22,0
res-013,2026-07-19,5,5.59,0
res-013,2026-07-20,2,10.64,0
res-013,2026-07-21,4,9.03,0
res-013,2026-07-22,1,11.52,1
res-013,2026-07-23,2,7.57,0
res-013,2026-07-24,4,8.51,0
res-013,2026-07-25,6,12.05,1
res-013,2026-07-26,1,11.27,0
res-013,2026-07-27,2,13.41,0
res-013,2026-07-28,5,5.21,0
res-013,2026-07-29,2,18.03,1
res-013,2026-07-30,4,10.93,0
res-013,2026-07-31,5,10.11,0
res-013,2026-08-01,1,10.43,0
res-013,2026-08-02,2,8.64,1
res-013,2026-08-03,2,12.66,2
res-013,2026-08-04,2,13.71,0
res-013,2026-08-05,5,23.07,0
res-013,2026-08-06,3,6.2,0
res-013,2026-08-07,4,3.89,0
res-013,2026-08-08,3,7.55,0
res-013,2026-08-09,4,11.83,0
res-013,2026-08-10,2,10.55,1
res-013,2026-08-11,3,11.73,0
res-013,2026-08-12,1,7.6,1
res-013,2026-08-13,4,12.81,0
res-013,2026-08-14,1,6.62,1
res-013,2026-08-15,3,10.08,0
res-013,2026-08-16,4,11.85,0
res-013,2026-08-17,3,11.39,0
res-013,2026-08-18,2,7.24,0
res-013,2026-08-19,3,13.32,0
res-013,2026-08-20,3,14.88,0
res-013,2026-08-21,5,7.69,1
res-013,2026-08-22,0,13.11,0
res-013,2026-08-23,7,14.11,1
res-013,2026-08-24,0,9.88,0
res-013,2026-08-25,5,9.73,1
res-013,2026-08-26,6,9.55,2
res-013,2026-08-27,3,13.26,0
res-013,2026-08-28,2,15.83,1
res-013,2026-08-29,2,7.05,0
res-013,2026-08-30,10,11.75,0
res-013,2026-08-31,5,6.95,2
res-013,2026-09-01,3,8.88,0
res-013,2026-09-02,5,14.93,0
res-013,2026-09-03,4,7.87,1
res-013,2026-09-04,1,12.74,0
res-013,2026-09-05,4,13.39,1
res-013,2026-09-06,7,7.67,0
res-013,2026-09-07,4,5.33,0
res-013,2026-09-08,7,10.26,0
res-013,2026-09-09,0,15.76,0
res-013,2026-09-10,2,15.89,1
res-013,2026-09-11,7,11.19,1
res-013,2026-09-12,6,13.97,0
res-013,2026-09-13,4,14.29,1
res-014,2026-05-17,0,11.35,1
res-014,2026-05-18,5,16.22,0
res-014,2026-05-19,2,9.74,0
res-014,2026-05-20,3,1.49,2
res-014,2026-05-21,3,9.74,0
res-014,2026-05-22,5,11.2,0
res-014,2026-05-23,2,6.42,0
res-014,2026-05-24,2,13.49,0
res-014,2026-05-25,3,8.13,0
res-014,2026-05-26,0,3.17,0
res-014,2026-05-27,2,3.75,0
res-014,2026-05-28,2,6.34,0
res-014,2026-05-29,4,11.23,0
res-014,2026-05-30,5,5.17,1
res-014,2026-05-31,6,10.42,0
res-014,2026-06-01,2,13.57,1
res-014,2026-06-02,3,10.41,0
res-014,2026-06-03,2,10.36,0
res-014,2026-06-04,6,13.37,2
res-014,2026-06-05,3,8.59,0
res-014,2026-06-06,4,8.64,0
res-014,2026-06-07,5,13.18,0
res-014,2026-06-08,4,4.47,1
res-014,2026-06-09,5,12.69,0
res-014,2026-06-10,7,7.34,1
res-014,2026-06-11,2,3.52,0
res-014,2026-06-12,5,5.7,0
res-014,2026-06-13,1,8.02,0
res-014,2026-06-14,3,11.69,0
res-014,2026-06-15,6,10.68,0
res-014,2026-06-16,1,6.86,0
res-014,2026-06-17,3,3.62,0
res-014,2026-06-18,2,10.42,0
res-014,2026-06-19,2,12.64,0
res-014,2026-06-20,2,13.02,0
res-014,2026-06-21,3,6.1,0
res-014,2026-06-22,0,8.72,2
res-014,2026-06-23,4,5.72,0
res-014,2026-06-24,1,11.62,0
res-014,2026-06-25,4,8.46,0
res-014,2026-06-26,4,6.69,1
res-014,2026-06-27,3,10.84,0
res-014,2026-06-28,3,12.44,1
res-014,2026-06-29,4,11.53,0
res-014,2026-06-30,3,15.72,0
res-014,2026-07-01,8,5.46,0
res-014,2026-07-02,6,9.35,0
res-014,2026-07-03,3,11.53,0
res-014,2026-07-04,3,3.6,0
res-014,2026-07-05,8,9.29,1
res-014,2026-07-06,3,11.39,0
res-014,2026-07-07,6,6.74,0
res-014,2026-07-08,10,10.84,2
res-014,2026-07-09,4,7.19,0
res-014,2026-07-10,4,12.8,0
res-014,2026-07-11,0,10.54,0
res-014,2026-07-12,2,7.68,0
res-014,2026-07-13,5,10.5,0
res-014,2026-07-14,5,14.81,0
res-014,2026-07-15,6,9.62,0
res-014,2026-07-16,3,14.54,0
res-014,2026-07-17,5,14.71,0
res-014,2026-07-18,2,9.73,0
res-014,2026-07-19,0,11.87,0
res-014,2026-07-20,2,7.99,0
res-014,2026-07-21,3,14.6,1
res-014,2026-07-22,2,9.83,0
res-014,2026-07-23,3,4.82,0
res-014,2026-07-24,2,13.27,0
res-014,2026-07-25,3,5.87,1
res-014,2026-07-26,4,17.83,0
res-014,2026-07-27,1,10.61,0
res-014,2026-07-28,1,8.76,0
res-014,2026-07-29,7,6.71,0
res-014,2026-07-30,8,17.37,0
res-014,2026-07-31,3,9.34,0
res-014,2026-08-01,4,11.33,1
res-014,2026-08-02,7,14.08,0
res-014,2026-08-03,4,11.91,0
res-014,2026-08-04,3,9.32,1
res-014,2026-08-05,2,7.24,1
res-014,2026-08-06,7,12.06,0
res-014,2026-08-07,6,2.38,0
res-014,2026-08-08,5,11.89,1
res-014,2026-08-09,1,10.08,0
res-014,2026-08-10,5,6.97,0
res-014,2026-08-11,0,11.95,0
res-014,2026-08-12,1,7.6,0
res-014,2026-08-13,5,6.3,0
res-014,2026-08-14,2,9.41,1
res-014,2026-08-15,6,17.84,0
res-014,2026-08-16,2,4.67,0
res-014,2026-08-17,6,10.02,0
res-014,2026-08-18,3,10.44,0
res-014,2026-08-19,4,7.0,0
res-014,2026-08-20,2,6.83,0
res-014,2026-08-21,6,15.75,0
res-014,2026-08-22,3,12.94,1
res-014,2026-08-23,1,10.25,0
res-014,2026-08-24,5,8.67,0
res-014,2026-08-25,4,16.79,0
res-014,2026-08-26,7,10.98,0
res-014,2026-08-27,3,5.7,0
res-014,2026-08-28,3,8.85,0
res-014,2026-08-29,6,10.08,0
res-014,2026-08-30,4,7.85,1
res-014,2026-08-31,3,9.65,1
res-014,2026-09-01,5,7.2,0
res-014,2026-09-02,10,7.85,0
res-014,2026-09-03,3,16.25,0
res-014,2026-09-04,6,15.77,2
res-014,2026-09-05,2,8.56,0
res-014,2026-09-06,5,6.33,0
res-014,2026-09-07,3,9.01,1
res-014,2026-09-08,6,8.67,1
res-014,2026-09-09,5,11.86,0
res-014,2026-09-10,3,4.42,0
res-014,2026-09-11,1,11.84,0
res-014,2026-09-12,5,3.86,0
res-014,2026-09-13,4,11.11,1
res-015,2026-05-17,2,8.39,0
res-015,2026-05-18,1,9.15,0
res-015,2026-05-19,4,17.67,0
res-015,2026-05-20,6,12.33,1
res-015,2026-05-21,5,11.23,0
res-015,2026-05-22,8,8.78,0
res-015,2026-05-23,3,4.11,0
res-015,2026-05-24,3,10.89,0
res-015,2026-05-25,4,8.96,0
res-015,2026-05-26,2,10.89,0
res-015,2026-05-27,0,9.31,0
res-015,2026-05-28,2,8.12,1
res-015,2026-05-29,2,12.51,0
res-015,2026-05-30,2,11.55,1
res-015,2026-05-31,6,13.67,0
res-015,2026-06-01,3,12.76,0
res-015,2026-06-02,5,9.65,1
res-015,2026-06-03,9,9.6,0
res-015,2026-06-04,2,12.2,0
res-015,2026-06-05,3,11.63,0
res-015,2026-06-06,1,13.54,1
res-015,2026-06-07,5,6.37,0
res-015,2026-06-08,4,15.4,0
res-015,2026-06-09,5,13.43,0
res-015,2026-06-10,2,7.49,1
res-015,2026-06-11,6,13.91,0
res-015,2026-06-12,6,11.96,0
res-015,2026-06-13,7,12.39,2
res-015,2026-06-14,2,18.15,0
res-015,2026-06-15,4,12.82,0
res-015,2026-06-16,3,16.85,0
res-015,2026-06-17,5,17.1,0
res-015,2026-06-18,7,12.2,0
res-015,2026-06-19,3,14.53,0
res-015,2026-06-20,3,13.49,1
res-015,2026-06-21,1,21.39,0
res-015,2026-06-22,7,8.7,0
res-015,2026-06-23,7,21.27,0
res-015,2026-06-24,5,16.86,0
res-015,2026-06-25,4,15.07,1
res-015,2026-06-26,6,14.91,0
res-015,2026-06-27,4,17.81,0
res-015,2026-06-28,6,18.77,0
res-015,2026-06-29,6,16.59,1
res-015,2026-06-30,5,15.49,1
res-015,2026-07-01,6,14.77,0
res-015,2026-07-02,1,16.04,1
res-015,2026-07-03,4,18.2,1
res-015,2026-07-04,4,14.7,2
res-015,2026-07-05,7,19.42,0
res-015,2026-07-06,5,17.74,0
res-015,2026-07-07,7,19.7,0
res-015,2026-07-08,9,21.03,1
res-015,2026-07-09,7,17.82,2
res-015,2026-07-10,5,23.17,0
res-015,2026-07-11,7,21.48,2
res-015,2026-07-12,8,21.65,1
res-015,2026-07-13,8,14.41,2
res-015,2026-07-14,8,21.8,1
res-015,2026-07-15,4,20.95,1
res-015,2026-07-16,2,20.92,1
res-015,2026-07-17,4,15.05,0
res-015,2026-07-18,7,20.6,0
res-015,2026-07-19,5,22.17,0
res-015,2026-07-20,8,20.7,0
res-015,2026-07-21,4,14.63,0
res-015,2026-07-22,6,21.32,1
res-015,2026-07-23,3,21.83,0
res-015,2026-07-24,5,21.63,0
res-015,2026-07-25,4,20.67,1
res-015,2026-07-26,4,22.02,0
res-015,2026-07-27,8,16.82,0
res-015,2026-07-28,3,21.3,0
res-015,2026-07-29,3,20.67,3
res-015,2026-07-30,5,18.72,1
res-015,2026-07-31,4,24.81,0
res-015,2026-08-01,8,23.93,1
res-015,2026-08-02,12,29.04,0
res-015,2026-08-03,7,16.89,0
res-015,2026-08-04,5,20.62,1
res-015,2026-08-05,7,27.3,3
res-015,2026-08-06,3,23.78,0
res-015,2026-08-07,5,26.74,0
res-015,2026-08-08,5,23.93,0
res-015,2026-08-09,10,27.67,0
res-015,2026-08-10,6,26.03,2
res-015,2026-08-11,11,25.67,1
res-015,2026-08-12,9,21.99,0
res-015,2026-08-13,9,25.29,1
res-015,2026-08-14,8,26.71,1
res-015,2026-08-15,6,27.73,0
res-015,2026-08-16,5,26.5,0
res-015,2026-08-17,5,27.99,0
res-015,2026-08-18,11,30.09,0
res-015,2026-08-19,6,30.31,0
res-015,2026-08-20,7,26.0,0
res-015,2026-08-21,7,25.82,1
res-015,2026-08-22,5,23.4,2
res-015,2026-08-23,11,30.76,0
res-015,2026-08-24,11,26.47,1
res-015,2026-08-25,6,24.62,1
res-015,2026-08-26,10,24.93,2
res-015,2026-08-27,15,30.32,1
res-015,2026-08-28,8,31.12,0
res-015,2026-08-29,11,28.97,0
res-015,2026-08-30,10,27.43,0
res-015,2026-08-31,9,25.39,0
res-015,2026-09-01,6,34.74,2
res-015,2026-09-02,7,33.67,1
res-015,2026-09-03,3,27.78,0
res-015,2026-09-04,7,27.16,1
res-015,2026-09-05,10,29.81,0
res-015,2026-09-06,7,32.83,1
res-015,2026-09-07,7,29.58,3
res-015,2026-09-08,7,34.58,0
res-015,2026-09-09,11,31.57,1
res-015,2026-09-10,5,35.79,1
res-015,2026-09-11,8,26.93,0
res-015,2026-09-12,10,32.57,2
res-015,2026-09-13,3,35.45,0
res-016,2026-05-17,2,11.97,0
res-016,2026-05-18,5,12.57,0
res-016,2026-05-19,4,10.87,0
res-016,2026-05-20,4,12.52,0
res-016,2026-05-21,2,7.33,0
res-016,2026-05-22,7,10.93,1
res-016,2026-05-23,4,7.62,1
res-016,2026-05-24,4,8.52,0
res-016,2026-05-25,4,8.44,1
res-016,2026-05-26,4,10.01,0
res-016,2026-05-27,4,17.07,0
res-016,2026-05-28,2,9.11,0
res-016,2026-05-29,3,16.69,2
res-016,2026-05-30,5,15.91,0
res-016,2026-05-31,2,6.98,0
res-016,2026-06-01,5,13.41,0
res-016,2026-06-02,5,15.46,0
res-016,2026-06-03,4,7.35,0
res-016,2026-06-04,7,20.65,0
res-016,2026-06-05,2,11.93,2
res-016,2026-06-06,5,13.03,1
res-016,2026-06-07,8,15.62,0
res-016,2026-06-08,6,14.89,1
res-016,2026-06-09,3,3.97,0
res-016,2026-06-10,1,9.48,0
res-016,2026-06-11,4,12.73,0
res-016,2026-06-12,5,11.95,0
res-016,2026-06-13,6,13.82,1
res-016,2026-06-14,6,14.69,0
res-016,2026-06-15,3,11.16,0
res-016,2026-06-16,1,11.36,0
res-016,2026-06-17,4,15.07,1
res-016,2026-06-18,6,7.22,0
res-016,2026-06-19,3,16.03,0
res-016,2026-06-20,4,7.32,0
res-016,2026-06-21,4,7.76,0
res-016,2026-06-22,3,10.44,0
res-016,2026-06-23,5,4.22,0
res-016,2026-06-24,7,11.53,0
res-016,2026-06-25,4,17.9,1
res-016,2026-06-26,6,11.58,1
res-016,2026-06-27,2,10.48,1
res-016,2026-06-28,8,10.52,0
res-016,2026-06-29,6,15.35,0
res-016,2026-06-30,6,14.91,2
res-016,2026-07-01,6,9.0,1
res-016,2026-07-02,6,15.85,0
res-016,2026-07-03,3,8.36,1
res-016,2026-07-04,2,10.83,0
res-016,2026-07-05,8,13.57,0
res-016,2026-07-06,4,9.81,0
res-016,2026-07-07,5,6.32,1
res-016,2026-07-08,8,13.69,0
res-016,2026-07-09,4,9.7,0
res-016,2026-07-10,2,22.16,0
res-016,2026-07-11,4,15.39,0
res-016,2026-07-12,4,6.58,1
res-016,2026-07-13,4,11.92,0
res-016,2026-07-14,3,12.34,0
res-016,2026-07-15,3,12.46,1
res-016,2026-07-16,7,10.16,0
res-016,2026-07-17,5,12.11,1
res-016,2026-07-18,5,8.6,0
res-016,2026-07-19,1,12.54,0
res-016,2026-07-20,5,10.92,0
res-016,2026-07-21,2,11.79,0
res-016,2026-07-22,2,14.84,1
res-016,2026-07-23,3,14.23,1
res-016,2026-07-24,2,16.74,0
res-016,2026-07-25,6,13.99,0
res-016,2026-07-26,1,7.45,0
res-016,2026-07-27,1,9.11,0
res-016,2026-07-28,0,4.49,0
res-016,2026-07-29,2,12.44,0
res-016,2026-07-30,3,12.37,0
res-016,2026-07-31,3,14.05,0
res-016,2026-08-01,3,12.88,0
res-016,2026-08-02,1,10.72,0
res-016,2026-08-03,5,14.54,0
res-016,2026-08-04,1,8.62,1
res-016,2026-08-05,3,3.79,1
res-016,2026-08-06,6,16.04,0
res-016,2026-08-07,0,10.19,0
res-016,2026-08-08,2,12.16,0
res-016,2026-08-09,2,9.48,0
res-016,2026-08-10,5,11.04,0
res-016,2026-08-11,0,7.95,0
res-016,2026-08-12,3,15.7,0
res-016,2026-08-13,2,13.6,1
res-016,2026-08-14,3,14.76,0
res-016,2026-08-15,4,8.99,0
res-016,2026-08-16,5,6.94,0
res-016,2026-08-17,4,15.65,0
res-016,2026-08-18,4,12.26,1
res-016,2026-08-19,3,8.87,1
res-016,2026-08-20,2,11.4,0
res-016,2026-08-21,5,11.19,0
res-016,2026-08-22,1,7.31,1
res-016,2026-08-23,5,9.29,1
res-016,2026-08-24,6,16.41,0
res-016,2026-08-25,0,7.78,1
res-016,2026-08-26,4,14.5,0
res-016,2026-08-27,3,15.09,0
res-016,2026-08-28,5,15.12,0
res-016,2026-08-29,6,10.29,0
res-016,2026-08-30,1,15.48,0
res-016,2026-08-31,4,11.27,0
res-016,2026-09-01,2,13.45,0
res-016,2026-09-02,3,8.39,0
res-016,2026-09-03,1,12.8,0
res-016,2026-09-04,3,11.85,1
res-016,2026-09-05,3,8.48,1
res-016,2026-09-06,4,9.3,1
res-016,2026-09-07,1,6.03,1
res-016,2026-09-08,3,11.99,0
res-016,2026-09-09,10,18.06,0
res-016,2026-09-10,3,13.01,0
res-016,2026-09-11,6,12.4,0
res-016,2026-09-12,4,9.49,1
res-016,2026-09-13,3,8.44,0
res-017,2026-05-17,5,11.26,0
res-017,2026-05-18,0,6.65,0
res-017,2026-05-19,8,14.57,0
res-017,2026-05-20,1,15.64,1
res-017,2026-05-21,3,14.16,0
res-017,2026-05-22,8,7.22,0
res-017,2026-05-23,5,7.98,0
res-017,2026-05-24,2,9.57,0
res-017,2026-05-25,4,14.86,0
res-017,2026-05-26,4,19.38,1
res-017,2026-05-27,3,11.72,0
res-017,2026-05-28,8,8.9,3
res-017,2026-05-29,3,15.19,1
res-017,2026-05-30,3,7.61,0
res-017,2026-05-31,6,13.65,0
res-017,2026-06-01,5,10.41,0
res-017,2026-06-02,4,6.34,0
res-017,2026-06-03,1,11.98,0
res-017,2026-06-04,2,9.49,0
res-017,2026-06-05,1,4.57,0
res-017,2026-06-06,3,12.27,0
res-017,2026-06-07,1,10.09,1
res-017,2026-06-08,4,14.11,0
res-017,2026-06-09,6,14.96,1
res-017,2026-06-10,6,10.28,2
res-017,2026-06-11,2,14.22,0
res-017,2026-06-12,3,10.54,1
res-017,2026-06-13,5,10.11,0
res-017,2026-06-14,3,12.49,0
res-017,2026-06-15,2,9.24,0
res-017,2026-06-16,6,7.16,0
res-017,2026-06-17,7,13.83,0
res-017,2026-06-18,3,12.68,1
res-017,2026-06-19,5,13.24,0
res-017,2026-06-20,4,4.72,0
res-017,2026-06-21,6,13.78,0
res-017,2026-06-22,3,9.19,0
res-017,2026-06-23,3,10.94,0
res-017,2026-06-24,3,13.45,1
res-017,2026-06-25,2,14.01,0
res-017,2026-06-26,5,9.43,2
res-017,2026-06-27,2,11.33,1
res-017,2026-06-28,2,2.56,0
res-017,2026-06-29,1,15.17,0
res-017,2026-06-30,6,11.55,0
res-017,2026-07-01,5,5.67,0
res-017,2026-07-02,5,10.77,0
res-017,2026-07-03,4,11.41,0
res-017,2026-07-04,3,12.7,1
res-017,2026-07-05,7,7.07,0
res-017,2026-07-06,3,9.48,0
res-017,2026-07-07,3,9.62,1
res-017,2026-07-08,4,7.1,0
res-017,2026-07-09,3,9.46,0
res-017,2026-07-10,5,11.79,1
res-017,2026-07-11,7,10.53,0
res-017,2026-07-12,2,9.46,0
res-017,2026-07-13,2,8.22,1
res-017,2026-07-14,0,10.99,0
res-017,2026-07-15,3,7.79,0
res-017,2026-07-16,2,7.86,0
res-017,2026-07-17,1,8.78,0
res-017,2026-07-18,5,14.23,0
res-017,2026-07-19,5,13.46,0
res-017,2026-07-20,3,7.85,1
res-017,2026-07-21,2,8.7,0
res-017,2026-07-22,8,10.93,0
res-017,2026-07-23,4,12.11,3
res-017,2026-07-24,5,11.21,0
res-017,2026-07-25,3,11.28,0
res-017,2026-07-26,8,10.89,0
res-017,2026-07-27,5,10.33,1
res-017,2026-07-28,6,9.95,0
res-017,2026-07-29,2,10.52,0
res-017,2026-07-30,5,10.3,1
res-017,2026-07-31,4,14.4,1
res-017,2026-08-01,6,7.04,0
res-017,2026-08-02,3,8.02,0
res-017,2026-08-03,5,11.62,1
res-017,2026-08-04,2,8.15,1
res-017,2026-08-05,2,13.43,2
res-017,2026-08-06,1,14.94,0
res-017,2026-08-07,5,10.74,1
res-017,2026-08-08,3,8.58,0
res-017,2026-08-09,5,8.74,0
res-017,2026-08-10,3,6.85,0
res-017,2026-08-11,4,10.0,0
res-017,2026-08-12,3,5.46,0
res-017,2026-08-13,3,6.49,0
res-017,2026-08-14,4,11.12,0
res-017,2026-08-15,3,11.36,1
res-017,2026-08-16,6,7.53,1
res-017,2026-08-17,3,8.17,0
res-017,2026-08-18,1,10.51,0
res-017,2026-08-19,3,9.08,0
res-017,2026-08-20,3,8.81,0
res-017,2026-08-21,2,13.11,1
res-017,2026-08-22,1,16.1,0
res-017,2026-08-23,4,11.36,1
res-017,2026-08-24,4,8.22,0
res-017,2026-08-25,3,12.48,0
res-017,2026-08-26,5,6.72,0
res-017,2026-08-27,4,13.24,0
res-017,2026-08-28,1,12.59,0
res-017,2026-08-29,3,17.31,0
res-017,2026-08-30,2,11.38,1
res-017,2026-08-31,1,6.19,0
res-017,2026-09-01,4,10.67,0
res-017,2026-09-02,2,10.68,0
res-017,2026-09-03,4,8.37,0
res-017,2026-09-04,4,10.04,0
res-017,2026-09-05,1,13.01,1
res-017,2026-09-06,3,10.73,0
res-017,2026-09-07,5,8.67,0
res-017,2026-09-08,3,8.95,0
res-017,2026-09-09,3,7.92,0
res-017,2026-09-10,5,12.29,1
res-017,2026-09-11,6,7.6,1
res-017,2026-09-12,3,14.67,1
res-017,2026-09-13,7,16.04,0
res-018,2026-05-17,1,8.3,0
res-018,2026-05-18,4,15.37,0
res-018,2026-05-19,5,10.56,0
res-018,2026-05-20,6,16.16,1
res-018,2026-05-21,6,11.7,1
res-018,2026-05-22,6,10.89,0
res-018,2026-05-23,3,10.02,0
res-018,2026-05-24,5,8.9,1
res-018,2026-05-25,9,12.45,0
res-018,2026-05-26,7,12.98,0
res-018,2026-05-27,2,12.35,0
res-018,2026-05-28,3,13.63,1
res-018,2026-05-29,5,15.89,0
res-018,2026-05-30,4,19.14,1
res-018,2026-05-31,2,8.2,1
res-018,2026-06-01,3,11.18,0
res-018,2026-06-02,6,11.51,0
res-018,2026-06-03,2,12.48,1
res-018,2026-06-04,5,8.21,0
res-018,2026-06-05,2,13.17,0
res-018,2026-06-06,5,8.27,1
res-018,2026-06-07,9,16.52,0
res-018,2026-06-08,2,15.62,1
res-018,2026-06-09,6,9.4,0
res-018,2026-06-10,4,13.32,2
res-018,2026-06-11,6,9.76,1
res-018,2026-06-12,2,12.04,0
res-018,2026-06-13,4,15.86,0
res-018,2026-06-14,8,11.2,1
res-018,2026-06-15,4,14.53,0
res-018,2026-06-16,3,10.06,1
res-018,2026-06-17,5,11.28,1
res-018,2026-06-18,1,15.97,1
res-018,2026-06-19,3,10.67,0
res-018,2026-06-20,1,10.79,0
res-018,2026-06-21,1,11.01,0
res-018,2026-06-22,4,22.38,2
res-018,2026-06-23,3,11.16,1
res-018,2026-06-24,4,12.65,0
res-018,2026-06-25,5,11.3,0
res-018,2026-06-26,2,12.76,1
res-018,2026-06-27,5,16.42,0
res-018,2026-06-28,2,13.03,0
res-018,2026-06-29,2,11.66,0
res-018,2026-06-30,4,14.02,0
res-018,2026-07-01,4,10.08,1
res-018,2026-07-02,2,19.53,0
res-018,2026-07-03,7,14.61,0
res-018,2026-07-04,5,17.17,0
res-018,2026-07-05,2,16.29,0
res-018,2026-07-06,6,15.01,0
res-018,2026-07-07,8,16.73,0
res-018,2026-07-08,5,10.04,0
res-018,2026-07-09,4,8.32,1
res-018,2026-07-10,5,13.56,2
res-018,2026-07-11,4,15.55,0
res-018,2026-07-12,3,17.06,0
res-018,2026-07-13,2,11.62,0
res-018,2026-07-14,9,14.06,1
res-018,2026-07-15,2,12.4,0
res-018,2026-07-16,3,8.4,0
res-018,2026-07-17,4,13.28,0
res-018,2026-07-18,7,10.52,0
res-018,2026-07-19,9,18.52,1
res-018,2026-07-20,4,14.35,0
res-018,2026-07-21,5,8.76,0
res-018,2026-07-22,5,16.16,0
res-018,2026-07-23,7,18.54,0
res-018,2026-07-24,3,15.32,0
res-018,2026-07-25,7,12.73,0
res-018,2026-07-26,8,16.3,1
res-018,2026-07-27,3,17.2,1
res-018,2026-07-28,5,14.41,0
res-018,2026-07-29,0,12.3,1
res-018,2026-07-30,8,12.85,0
res-018,2026-07-31,2,13.84,0
res-018,2026-08-01,4,13.23,0
res-018,2026-08-02,7,16.56,0
res-018,2026-08-03,2,11.67,0
res-018,2026-08-04,5,18.62,1
res-018,2026-08-05,5,10.98,0
res-018,2026-08-06,5,13.72,0
res-018,2026-08-07,2,17.31,1
res-018,2026-08-08,7,11.21,2
res-018,2026-08-09,4,14.57,1
res-018,2026-08-10,3,19.57,0
res-018,2026-08-11,2,15.92,0
res-018,2026-08-12,2,18.46,0
res-018,2026-08-13,3,12.95,0
res-018,2026-08-14,4,10.95,0
res-018,2026-08-15,6,11.38,0
res-018,2026-08-16,4,12.97,0
res-018,2026-08-17,7,12.22,0
res-018,2026-08-18,4,13.78,0
res-018,2026-08-19,3,10.0,1
res-018,2026-08-20,2,15.32,0
res-018,2026-08-21,4,15.15,1
res-018,2026-08-22,3,6.51,1
res-018,2026-08-23,5,10.97,0
res-018,2026-08-24,3,13.21,1
res-018,2026-08-25,2,11.83,0
res-018,2026-08-26,5,6.63,0
res-018,2026-08-27,9,7.58,0
res-018,2026-08-28,4,16.72,1
res-018,2026-08-29,2,14.16,0
res-018,2026-08-30,5,12.98,0
res-018,2026-08-31,5,12.3,0
res-018,2026-09-01,5,12.42,1
res-018,2026-09-02,3,16.72,0
res-018,2026-09-03,4,11.34,0
res-018,2026-09-04,7,12.57,0
res-018,2026-09-05,7,12.47,0
res-018,2026-09-06,4,13.87,0
res-018,2026-09-07,3,11.93,1
res-018,2026-09-08,6,11.14,0
res-018,2026-09-09,1,9.59,0
res-018,2026-09-10,3,15.29,0
res-018,2026-09-11,5,7.86,0
res-018,2026-09-12,3,13.92,0
res-018,2026-09-13,1,8.97,0
res-019,2026-05-17,1,10.8,0
res-019,2026-05-18,2,6.79,0
res-019,2026-05-19,7,8.03,0
res-019,2026-05-20,3,5.99,0
res-019,2026-05-21,1,7.65,1
res-019,2026-05-22,2,5.45,0
res-019,2026-05-23,3,7.29,0
res-019,2026-05-24,5,9.93,0
res-019,2026-05-25,2,10.91,1
res-019,2026-05-26,3,1.82,0
res-019,2026-05-27,3,3.27,1
res-019,2026-05-28,4,7.77,0
res-019,2026-05-29,3,9.87,1
res-019,2026-05-30,3,2.96,1
res-019,2026-05-31,1,4.29,1
res-019,2026-06-01,4,11.33,0
res-019,2026-06-02,1,2.84,0
res-019,2026-06-03,0,7.96,0
res-019,2026-06-04,1,7.55,0
res-019,2026-06-05,1,6.61,0
res-019,2026-06-06,6,5.07,0
res-019,2026-06-07,3,10.37,0
res-019,2026-06-08,4,8.7,1
res-019,2026-06-09,4,7.26,0
res-019,2026-06-10,2,8.28,1
res-019,2026-06-11,2,1.41,0
res-019,2026-06-12,2,5.19,0
res-019,2026-06-13,1,8.31,0
res-019,2026-06-14,2,6.97,0
res-019,2026-06-15,2,7.04,0
res-019,2026-06-16,2,4.68,0
res-019,2026-06-17,1,1.63,1
res-019,2026-06-18,3,12.3,1
res-019,2026-06-19,2,9.76,0
res-019,2026-06-20,4,7.99,0
res-019,2026-06-21,3,4.38,0
res-019,2026-06-22,2,0.0,1
res-019,2026-06-23,1,7.95,0
res-019,2026-06-24,2,5.99,0
res-019,2026-06-25,0,9.85,0
res-019,2026-06-26,4,4.36,1
res-019,2026-06-27,2,9.27,0
res-019,2026-06-28,3,5.09,0
res-019,2026-06-29,4,9.95,0
res-019,2026-06-30,1,8.33,0
res-019,2026-07-01,1,2.47,0
res-019,2026-07-02,4,8.36,0
res-019,2026-07-03,2,12.42,0
res-019,2026-07-04,3,8.36,1
res-019,2026-07-05,3,5.06,0
res-019,2026-07-06,3,5.71,0
res-019,2026-07-07,2,4.72,2
res-019,2026-07-08,1,6.14,0
res-019,2026-07-09,0,5.39,0
res-019,2026-07-10,1,3.09,0
res-019,2026-07-11,6,13.84,1
res-019,2026-07-12,3,14.45,0
res-019,2026-07-13,2,11.95,0
res-019,2026-07-14,2,13.62,0
res-019,2026-07-15,5,6.32,0
res-019,2026-07-16,0,0.78,0
res-019,2026-07-17,4,10.32,0
res-019,2026-07-18,2,9.57,1
res-019,2026-07-19,5,4.93,1
res-019,2026-07-20,0,8.95,0
res-019,2026-07-21,3,10.72,0
res-019,2026-07-22,4,6.58,0
res-019,2026-07-23,2,8.17,0
res-019,2026-07-24,4,7.88,0
res-019,2026-07-25,2,6.43,0
res-019,2026-07-26,2,6.23,0
res-019,2026-07-27,1,14.07,0
res-019,2026-07-28,3,12.72,2
res-019,2026-07-29,6,10.54,0
res-019,2026-07-30,4,11.75,1
res-019,2026-07-31,1,8.89,0
res-019,2026-08-01,4,5.36,0
res-019,2026-08-02,1,0.0,0
res-019,2026-08-03,2,9.64,0
res-019,2026-08-04,1,8.16,1
res-019,2026-08-05,7,8.53,1
res-019,2026-08-06,0,5.5,1
res-019,2026-08-07,2,6.77,0
res-019,2026-08-08,5,10.25,0
res-019,2026-08-09,9,5.43,0
res-019,2026-08-10,4,10.83,0
res-019,2026-08-11,5,5.8,0
res-019,2026-08-12,2,12.61,0
res-019,2026-08-13,2,13.41,0
res-019,2026-08-14,3,11.6,1
res-019,2026-08-15,2,10.59,0
res-019,2026-08-16,1,7.88,0
res-019,2026-08-17,5,9.71,0
res-019,2026-08-18,4,10.81,0
res-019,2026-08-19,3,12.68,0
res-019,2026-08-20,1,9.44,1
res-019,2026-08-21,2,3.99,1
res-019,2026-08-22,5,5.21,0
res-019,2026-08-23,2,7.04,0
res-019,2026-08-24,2,0.0,0
res-019,2026-08-25,4,13.65,0
res-019,2026-08-26,5,11.66,0
res-019,2026-08-27,2,9.49,0
res-019,2026-08-28,3,5.07,0
res-019,2026-08-29,1,8.94,0
res-019,2026-08-30,2,8.39,1
res-019,2026-08-31,1,7.62,1
res-019,2026-09-01,5,8.02,0
res-019,2026-09-02,1,7.94,0
res-019,2026-09-03,3,8.35,0
res-019,2026-09-04,2,4.25,1
res-019,2026-09-05,1,2.5,0
res-019,2026-09-06,2,10.11,0
res-019,2026-09-07,1,5.76,0
res-019,2026-09-08,2,6.95,1
res-019,2026-09-09,2,5.29,2
res-019,2026-09-10,3,12.81,0
res-019,2026-09-11,2,2.03,0
res-019,2026-09-12,1,5.3,0
res-019,2026-09-13,1,7.11,0
res-020,2026-05-17,3,13.65,1
res-020,2026-05-18,6,11.18,0
res-020,2026-05-19,4,9.03,1
res-020,2026-05-20,5,16.68,1
res-020,2026-05-21,5,9.61,0
res-020,2026-05-22,4,8.35,0
res-020,2026-05-23,5,13.59,0
res-020,2026-05-24,7,19.14,0
res-020,2026-05-25,3,15.25,0
res-020,2026-05-26,5,17.33,0
res-020,2026-05-27,1,13.23,2
res-020,2026-05-28,6,12.27,1
res-020,2026-05-29,3,10.3,0
res-020,2026-05-30,6,14.84,1
res-020,2026-05-31,7,10.69,0
res-020,2026-06-01,2,11.88,0
res-020,2026-06-02,5,17.49,0
res-020,2026-06-03,6,12.14,0
res-020,2026-06-04,5,15.71,0
res-020,2026-06-05,3,11.5,0
res-020,2026-06-06,3,8.35,1
res-020,2026-06-07,5,7.07,0
res-020,2026-06-08,4,15.79,0
res-020,2026-06-09,5,12.83,0
res-020,2026-06-10,5,11.37,0
res-020,2026-06-11,3,14.05,0
res-020,2026-06-12,5,10.31,0
res-020,2026-06-13,4,14.07,1
res-020,2026-06-14,4,11.1,0
res-020,2026-06-15,5,12.45,0
res-020,2026-06-16,4,14.49,1
res-020,2026-06-17,4,9.21,0
res-020,2026-06-18,2,11.13,0
res-020,2026-06-19,7,10.64,0
res-020,2026-06-20,6,12.84,1
res-020,2026-06-21,3,10.63,0
res-020,2026-06-22,5,19.86,0
res-020,2026-06-23,3,5.76,0
res-020,2026-06-24,5,10.66,0
res-020,2026-06-25,1,16.68,0
res-020,2026-06-26,5,15.03,0
res-020,2026-06-27,4,14.45,0
res-020,2026-06-28,4,12.76,0
res-020,2026-06-29,2,17.62,1
res-020,2026-06-30,0,13.95,0
res-020,2026-07-01,4,11.84,0
res-020,2026-07-02,3,10.62,0
res-020,2026-07-03,5,14.12,0
res-020,2026-07-04,4,14.16,0
res-020,2026-07-05,4,12.31,0
res-020,2026-07-06,1,14.47,0
res-020,2026-07-07,4,13.11,0
res-020,2026-07-08,5,9.15,1
res-020,2026-07-09,6,15.41,0
res-020,2026-07-10,7,14.32,0
res-020,2026-07-11,5,12.89,0
res-020,2026-07-12,4,10.77,0
res-020,2026-07-13,4,18.16,1
res-020,2026-07-14,0,12.18,1
res-020,2026-07-15,1,12.75,0
res-020,2026-07-16,6,9.43,0
res-020,2026-07-17,5,14.22,0
res-020,2026-07-18,1,11.39,0
res-020,2026-07-19,8,6.89,2
res-020,2026-07-20,9,15.89,0
res-020,2026-07-21,2,11.84,0
res-020,2026-07-22,7,9.02,0
res-020,2026-07-23,4,19.4,0
res-020,2026-07-24,0,14.82,0
res-020,2026-07-25,5,9.42,0
res-020,2026-07-26,7,15.71,1
res-020,2026-07-27,4,9.31,2
res-020,2026-07-28,1,14.19,1
res-020,2026-07-29,6,9.85,1
res-020,2026-07-30,1,13.57,0
res-020,2026-07-31,2,12.23,0
res-020,2026-08-01,7,13.74,1
res-020,2026-08-02,6,10.58,1
res-020,2026-08-03,5,9.4,1
res-020,2026-08-04,4,13.16,0
res-020,2026-08-05,6,11.33,0
res-020,2026-08-06,6,17.83,0
res-020,2026-08-07,4,12.21,0
res-020,2026-08-08,3,16.45,0
res-020,2026-08-09,5,14.42,1
res-020,2026-08-10,2,11.8,0
res-020,2026-08-11,2,12.71,0
res-020,2026-08-12,2,13.25,0
res-020,2026-08-13,4,9.02,0
res-020,2026-08-14,4,11.46,0
res-020,2026-08-15,8,15.64,0
res-020,2026-08-16,8,17.31,0
res-020,2026-08-17,2,8.68,0
res-020,2026-08-18,4,4.13,0
res-020,2026-08-19,5,8.23,0
res-020,2026-08-20,3,21.06,0
res-020,2026-08-21,2,15.1,1
res-020,2026-08-22,5,14.2,2
res-020,2026-08-23,4,13.27,0
res-020,2026-08-24,5,22.74,0
res-020,2026-08-25,4,16.93,0
res-020,2026-08-26,1,14.69,0
res-020,2026-08-27,0,17.27,0
res-020,2026-08-28,6,9.27,0
res-020,2026-08-29,4,15.05,0
res-020,2026-08-30,3,15.4,0
res-020,2026-08-31,3,15.8,0
res-020,2026-09-01,7,14.16,0
res-020,2026-09-02,3,10.91,0
res-020,2026-09-03,1,16.21,0
res-020,2026-09-04,4,15.03,0
res-020,2026-09-05,3,11.09,0
res-020,2026-09-06,3,11.46,1
res-020,2026-09-07,6,11.66,0
res-020,2026-09-08,6,12.99,0
res-020,2026-09-09,3,13.54,0
res-020,2026-09-10,5,7.29,0
res-020,2026-09-11,9,17.66,0
res-020,2026-09-12,5,11.49,0
res-020,2026-09-13,2,14.21,1
res-021,2026-05-17,11,14.52,1
res-021,2026-05-18,4,12.79,0
res-021,2026-05-19,3,10.07,1
res-021,2026-05-20,5,14.93,1
res-021,2026-05-21,6,10.53,1
res-021,2026-05-22,9,14.46,0
res-021,2026-05-23,2,7.56,0
res-021,2026-05-24,4,12.96,1
res-021,2026-05-25,2,14.91,0
res-021,2026-05-26,2,16.79,0
res-021,2026-05-27,7,11.03,0
res-021,2026-05-28,9,17.66,1
res-021,2026-05-29,6,9.96,0
res-021,2026-05-30,3,17.28,0
res-021,2026-05-31,3,15.87,0
res-021,2026-06-01,8,12.83,1
res-021,2026-06-02,4,20.01,0
res-021,2026-06-03,7,17.58,1
res-021,2026-06-04,3,9.85,0
res-021,2026-06-05,4,14.52,0
res-021,2026-06-06,4,17.51,0
res-021,2026-06-07,6,14.48,0
res-021,2026-06-08,5,18.22,0
res-021,2026-06-09,6,18.3,1
res-021,2026-06-10,6,14.72,0
res-021,2026-06-11,4,15.87,0
res-021,2026-06-12,5,14.82,0
res-021,2026-06-13,5,11.1,1
res-021,2026-06-14,1,11.89,0
res-021,2026-06-15,6,10.69,0
res-021,2026-06-16,6,11.46,0
res-021,2026-06-17,7,19.04,0
res-021,2026-06-18,5,11.38,1
res-021,2026-06-19,2,11.7,0
res-021,2026-06-20,5,13.08,0
res-021,2026-06-21,4,13.79,0
res-021,2026-06-22,5,13.3,0
res-021,2026-06-23,5,14.56,0
res-021,2026-06-24,5,10.62,0
res-021,2026-06-25,1,16.09,0
res-021,2026-06-26,5,17.78,0
res-021,2026-06-27,5,11.06,0
res-021,2026-06-28,6,19.21,1
res-021,2026-06-29,4,10.13,1
res-021,2026-06-30,5,12.57,0
res-021,2026-07-01,6,11.54,0
res-021,2026-07-02,3,10.72,0
res-021,2026-07-03,6,14.71,0
res-021,2026-07-04,4,25.29,0
res-021,2026-07-05,4,11.66,0
res-021,2026-07-06,5,13.78,0
res-021,2026-07-07,4,15.98,0
res-021,2026-07-08,4,11.83,1
res-021,2026-07-09,6,14.81,0
res-021,2026-07-10,4,14.54,0
res-021,2026-07-11,4,15.09,0
res-021,2026-07-12,1,14.81,0
res-021,2026-07-13,6,10.98,0
res-021,2026-07-14,7,11.51,0
res-021,2026-07-15,3,13.15,0
res-021,2026-07-16,7,16.55,1
res-021,2026-07-17,4,12.78,0
res-021,2026-07-18,6,13.01,0
res-021,2026-07-19,1,14.32,0
res-021,2026-07-20,0,13.99,0
res-021,2026-07-21,6,19.46,0
res-021,2026-07-22,9,12.62,2
res-021,2026-07-23,6,12.23,0
res-021,2026-07-24,4,11.85,0
res-021,2026-07-25,4,14.68,0
res-021,2026-07-26,4,12.82,1
res-021,2026-07-27,2,14.52,0
res-021,2026-07-28,6,11.75,0
res-021,2026-07-29,7,15.28,0
res-021,2026-07-30,10,15.52,0
res-021,2026-07-31,2,13.57,0
res-021,2026-08-01,3,10.91,0
res-021,2026-08-02,2,12.14,1
res-021,2026-08-03,4,7.9,0
res-021,2026-08-04,5,15.22,0
res-021,2026-08-05,3,7.24,0
res-021,2026-08-06,4,10.27,0
res-021,2026-08-07,7,14.76,1
res-021,2026-08-08,3,17.42,0
res-021,2026-08-09,3,8.88,1
res-021,2026-08-10,3,5.15,0
res-021,2026-08-11,6,17.04,0
res-021,2026-08-12,4,9.58,1
res-021,2026-08-13,2,15.15,0
res-021,2026-08-14,5,14.4,0
res-021,2026-08-15,7,12.81,0
res-021,2026-08-16,5,9.8,1
res-021,2026-08-17,9,14.78,1
res-021,2026-08-18,8,13.16,0
res-021,2026-08-19,7,11.65,0
res-021,2026-08-20,6,9.47,1
res-021,2026-08-21,4,10.83,0
res-021,2026-08-22,1,12.82,0
res-021,2026-08-23,2,16.81,0
res-021,2026-08-24,3,11.96,0
res-021,2026-08-25,4,14.73,1
res-021,2026-08-26,3,14.17,0
res-021,2026-08-27,4,12.55,0
res-021,2026-08-28,4,13.87,0
res-021,2026-08-29,4,12.17,0
res-021,2026-08-30,4,16.06,1
res-021,2026-08-31,1,11.22,0
res-021,2026-09-01,4,13.3,0
res-021,2026-09-02,2,15.71,0
res-021,2026-09-03,4,16.63,0
res-021,2026-09-04,9,18.89,0
res-021,2026-09-05,7,8.92,0
res-021,2026-09-06,6,17.01,0
res-021,2026-09-07,2,9.07,0
res-021,2026-09-08,1,14.55,0
res-021,2026-09-09,9,13.14,0
res-021,2026-09-10,6,15.1,1
res-021,2026-09-11,5,11.64,1
res-021,2026-09-12,7,11.19,0
res-021,2026-09-13,5,11.44,0
res-022,2026-05-17,1,10.6,0
res-022,2026-05-18,9,9.53,0
res-022,2026-05-19,6,7.44,1
res-022,2026-05-20,6,10.09,1
res-022,2026-05-21,3,4.07,1
res-022,2026-05-22,5,13.77,1
res-022,2026-05-23,3,14.8,0
res-022,2026-05-24,4,6.64,0
res-022,2026-05-25,2,10.6,0
res-022,2026-05-26,2,7.95,0
res-022,2026-05-27,1,13.14,0
res-022,2026-05-28,5,11.69,0
res-022,2026-05-29,2,4.89,0
res-022,2026-05-30,1,10.68,0
res-022,2026-05-31,4,7.18,0
res-022,2026-06-01,8,13.62,0
res-022,2026-06-02,3,7.25,0
res-022,2026-06-03,5,6.43,0
res-022,2026-06-04,2,15.86,0
res-022,2026-06-05,3,12.5,1
res-022,2026-06-06,7,3.63,1
res-022,2026-06-07,2,14.17,0
res-022,2026-06-08,4,11.88,0
res-022,2026-06-09,1,9.51,1
res-022,2026-06-10,2,10.92,0
res-022,2026-06-11,2,9.31,0
res-022,2026-06-12,4,6.59,3
res-022,2026-06-13,1,10.39,0
res-022,2026-06-14,4,15.81,0
res-022,2026-06-15,2,12.67,1
res-022,2026-06-16,7,11.3,1
res-022,2026-06-17,5,10.0,0
res-022,2026-06-18,4,12.11,1
res-022,2026-06-19,3,6.36,0
res-022,2026-06-20,5,9.55,0
res-022,2026-06-21,4,9.29,0
res-022,2026-06-22,2,6.6,0
res-022,2026-06-23,3,13.52,0
res-022,2026-06-24,2,6.86,0
res-022,2026-06-25,2,8.87,1
res-022,2026-06-26,1,3.69,0
res-022,2026-06-27,3,11.97,0
res-022,2026-06-28,1,8.39,0
res-022,2026-06-29,6,6.88,0
res-022,2026-06-30,3,10.6,0
res-022,2026-07-01,4,6.31,0
res-022,2026-07-02,3,11.34,2
res-022,2026-07-03,5,11.49,0
res-022,2026-07-04,5,12.7,0
res-022,2026-07-05,2,10.34,0
res-022,2026-07-06,2,12.55,0
res-022,2026-07-07,4,20.99,0
res-022,2026-07-08,4,10.05,0
res-022,2026-07-09,3,12.26,1
res-022,2026-07-10,5,11.11,0
res-022,2026-07-11,3,10.77,1
res-022,2026-07-12,2,10.62,0
res-022,2026-07-13,4,13.08,0
res-022,2026-07-14,2,8.13,0
res-022,2026-07-15,2,12.93,0
res-022,2026-07-16,3,5.67,0
res-022,2026-07-17,5,17.86,0
res-022,2026-07-18,6,8.83,0
res-022,2026-07-19,2,8.26,2
res-022,2026-07-20,4,7.15,0
res-022,2026-07-21,1,7.29,0
res-022,2026-07-22,1,10.45,1
res-022,2026-07-23,1,15.88,0
res-022,2026-07-24,6,12.03,0
res-022,2026-07-25,3,9.85,1
res-022,2026-07-26,6,5.35,0
res-022,2026-07-27,2,12.07,0
res-022,2026-07-28,0,13.98,0
res-022,2026-07-29,2,15.27,0
res-022,2026-07-30,4,9.42,1
res-022,2026-07-31,3,7.87,0
res-022,2026-08-01,5,8.11,0
res-022,2026-08-02,2,7.56,1
res-022,2026-08-03,1,11.14,0
res-022,2026-08-04,5,10.1,0
res-022,2026-08-05,2,6.16,0
res-022,2026-08-06,3,3.81,1
res-022,2026-08-07,4,10.95,0
res-022,2026-08-08,2,10.77,0
res-022,2026-08-09,5,9.06,0
res-022,2026-08-10,6,16.0,0
res-022,2026-08-11,4,2.63,0
res-022,2026-08-12,1,9.93,0
res-022,2026-08-13,0,9.83,1
res-022,2026-08-14,1,5.4,0
res-022,2026-08-15,1,11.3,0
res-022,2026-08-16,3,10.55,0
res-022,2026-08-17,3,12.13,0
res-022,2026-08-18,5,14.88,2
res-022,2026-08-19,2,11.36,0
res-022,2026-08-20,3,5.76,0
res-022,2026-08-21,2,9.39,0
res-022,2026-08-22,6,13.46,1
res-022,2026-08-23,5,9.76,0
res-022,2026-08-24,4,7.41,0
res-022,2026-08-25,3,14.67,0
res-022,2026-08-26,7,6.42,0
res-022,2026-08-27,2,7.16,0
res-022,2026-08-28,4,12.35,1
res-022,2026-08-29,3,11.2,0
res-022,2026-08-30,5,14.78,0
res-022,2026-08-31,1,10.71,0
res-022,2026-09-01,1,8.97,0
res-022,2026-09-02,2,12.65,1
res-022,2026-09-03,3,17.79,0
res-022,2026-09-04,3,11.86,1
res-022,2026-09-05,5,10.17,2
res-022,2026-09-06,7,11.51,1
res-022,2026-09-07,2,11.29,0
res-022,2026-09-08,5,12.14,0
res-022,2026-09-09,4,10.12,0
res-022,2026-09-10,4,11.72,2
res-022,2026-09-11,4,13.55,1
res-022,2026-09-12,2,11.96,0
res-022,2026-09-13,3,13.43,0
res-023,2026-05-17,4,12.69,0
res-023,2026-05-18,2,5.76,0
res-023,2026-05-19,6,15.52,3
res-023,2026-05-20,4,10.53,0
res-023,2026-05-21,4,9.17,0
res-023,2026-05-22,6,9.36,2
res-023,2026-05-23,6,15.16,0
res-023,2026-05-24,8,18.78,0
res-023,2026-05-25,5,10.98,0
res-023,2026-05-26,3,12.2,0
res-023,2026-05-27,3,10.12,0
res-023,2026-05-28,5,7.32,0
res-023,2026-05-29,4,13.37,0
res-023,2026-05-30,5,11.25,0
res-023,2026-05-31,6,6.7,1
res-023,2026-06-01,2,7.56,2
res-023,2026-06-02,4,10.1,0
res-023,2026-06-03,3,8.49,0
res-023,2026-06-04,5,19.03,0
res-023,2026-06-05,2,14.18,1
res-023,2026-06-06,4,9.54,0
res-023,2026-06-07,3,12.67,1
res-023,2026-06-08,4,10.85,0
res-023,2026-06-09,4,13.25,0
res-023,2026-06-10,6,17.75,0
res-023,2026-06-11,4,9.8,0
res-023,2026-06-12,5,15.35,1
res-023,2026-06-13,3,8.24,1
res-023,2026-06-14,5,11.57,1
res-023,2026-06-15,3,16.88,0
res-023,2026-06-16,2,10.33,0
res-023,2026-06-17,3,9.18,0
res-023,2026-06-18,5,16.7,1
res-023,2026-06-19,6,11.62,0
res-023,2026-06-20,6,10.3,1
res-023,2026-06-21,1,13.81,0
res-023,2026-06-22,1,13.4,0
res-023,2026-06-23,4,16.61,1
res-023,2026-06-24,5,9.1,0
res-023,2026-06-25,7,8.83,0
res-023,2026-06-26,3,16.7,0
res-023,2026-06-27,4,12.05,0
res-023,2026-06-28,2,13.47,0
res-023,2026-06-29,2,15.55,0
res-023,2026-06-30,4,9.08,0
res-023,2026-07-01,2,15.66,0
res-023,2026-07-02,3,11.29,0
res-023,2026-07-03,2,7.53,0
res-023,2026-07-04,6,13.19,0
res-023,2026-07-05,2,11.71,0
res-023,2026-07-06,2,5.63,0
res-023,2026-07-07,0,16.44,0
res-023,2026-07-08,4,13.46,0
res-023,2026-07-09,7,13.38,0
res-023,2026-07-10,2,7.23,0
res-023,2026-07-11,3,12.47,0
res-023,2026-07-12,0,22.59,0
res-023,2026-07-13,7,7.32,0
res-023,2026-07-14,3,5.3,0
res-023,2026-07-15,1,8.73,0
res-023,2026-07-16,4,16.11,1
res-023,2026-07-17,6,8.0,1
res-023,2026-07-18,4,10.78,0
res-023,2026-07-19,4,16.07,0
res-023,2026-07-20,3,10.84,0
res-023,2026-07-21,5,11.04,0
res-023,2026-07-22,5,12.26,2
res-023,2026-07-23,4,12.2,0
res-023,2026-07-24,2,8.04,0
res-023,2026-07-25,4,8.22,0
res-023,2026-07-26,1,13.84,0
res-023,2026-07-27,3,7.39,0
res-023,2026-07-28,3,14.97,2
res-023,2026-07-29,4,16.25,1
res-023,2026-07-30,1,12.95,0
res-023,2026-07-31,3,10.65,0
res-023,2026-08-01,5,12.85,0
res-023,2026-08-02,6,8.26,0
res-023,2026-08-03,4,9.4,0
res-023,2026-08-04,5,14.55,0
res-023,2026-08-05,2,9.03,0
res-023,2026-08-06,3,11.73,1
res-023,2026-08-07,4,12.34,0
res-023,2026-08-08,2,12.39,0
res-023,2026-08-09,2,7.89,1
res-023,2026-08-10,0,13.01,0
res-023,2026-08-11,7,11.46,0
res-023,2026-08-12,6,10.3,0
res-023,2026-08-13,4,6.74,0
res-023,2026-08-14,5,8.22,0
res-023,2026-08-15,4,15.13,1
res-023,2026-08-16,3,6.73,1
res-023,2026-08-17,8,10.03,0
res-023,2026-08-18,4,8.28,1
res-023,2026-08-19,5,11.92,0
res-023,2026-08-20,2,7.97,0
res-023,2026-08-21,4,7.24,0
res-023,2026-08-22,3,8.58,0
res-023,2026-08-23,4,9.88,0
res-023,2026-08-24,4,11.75,0
res-023,2026-08-25,6,5.68,0
res-023,2026-08-26,4,0.97,1
res-023,2026-08-27,4,9.46,0
res-023,2026-08-28,5,6.8,0
res-023,2026-08-29,9,8.66,0
res-023,2026-08-30,2,9.64,0
res-023,2026-08-31,4,12.95,0
res-023,2026-09-01,4,16.91,0
res-023,2026-09-02,7,7.03,0
res-023,2026-09-03,5,14.7,1
res-023,2026-09-04,2,11.75,0
res-023,2026-09-05,2,13.3,0
res-023,2026-09-06,3,7.96,0
res-023,2026-09-07,3,6.47,0
res-023,2026-09-08,6,7.87,1
res-023,2026-09-09,1,13.33,0
res-023,2026-09-10,4,5.04,0
res-023,2026-09-11,1,8.65,1
res-023,2026-09-12,5,18.67,2
res-023,2026-09-13,2,9.07,0
res-024,2026-05-17,7,14.79,1
res-024,2026-05-18,5,15.55,1
res-024,2026-05-19,2,16.13,0
res-024,2026-05-20,3,20.42,1
res-024,2026-05-21,6,16.41,0
res-024,2026-05-22,6,12.75,0
res-024,2026-05-23,10,10.82,0
res-024,2026-05-24,5,14.95,0
res-024,2026-05-25,6,14.09,1
res-024,2026-05-26,8,10.1,1
res-024,2026-05-27,8,6.79,1
res-024,2026-05-28,6,8.05,0
res-024,2026-05-29,2,13.3,0
res-024,2026-05-30,5,8.26,0
res-024,2026-05-31,4,13.43,0
res-024,2026-06-01,1,10.72,0
res-024,2026-06-02,3,9.1,1
res-024,2026-06-03,8,11.97,0
res-024,2026-06-04,5,14.83,1
res-024,2026-06-05,5,11.38,1
res-024,2026-06-06,6,8.93,1
res-024,2026-06-07,7,15.83,1
res-024,2026-06-08,4,14.85,1
res-024,2026-06-09,7,12.16,0
res-024,2026-06-10,9,10.69,0
res-024,2026-06-11,6,18.98,2
res-024,2026-06-12,2,9.9,0
res-024,2026-06-13,4,18.66,0
res-024,2026-06-14,3,15.98,0
res-024,2026-06-15,6,8.21,1
res-024,2026-06-16,3,13.32,0
res-024,2026-06-17,7,11.34,0
res-024,2026-06-18,6,12.9,1
res-024,2026-06-19,2,14.39,0
res-024,2026-06-20,5,9.02,1
res-024,2026-06-21,5,10.69,0
res-024,2026-06-22,2,7.4,0
res-024,2026-06-23,3,15.04,0
res-024,2026-06-24,4,8.26,0
res-024,2026-06-25,4,5.39,0
res-024,2026-06-26,2,11.7,0
res-024,2026-06-27,6,8.0,1
res-024,2026-06-28,1,15.29,0
res-024,2026-06-29,1,12.38,0
res-024,2026-06-30,3,13.46,1
res-024,2026-07-01,0,14.73,0
res-024,2026-07-02,3,10.12,0
res-024,2026-07-03,5,9.93,0
res-024,2026-07-04,3,6.59,0
res-024,2026-07-05,1,10.28,0
res-024,2026-07-06,5,14.49,0
res-024,2026-07-07,4,13.1,0
res-024,2026-07-08,4,14.09,0
res-024,2026-07-09,1,10.0,1
res-024,2026-07-10,8,11.36,2
res-024,2026-07-11,0,6.34,0
res-024,2026-07-12,9,13.15,0
res-024,2026-07-13,2,15.93,1
res-024,2026-07-14,5,11.62,0
res-024,2026-07-15,4,16.61,0
res-024,2026-07-16,3,11.98,1
res-024,2026-07-17,3,12.96,0
res-024,2026-07-18,6,11.95,0
res-024,2026-07-19,2,18.31,0
res-024,2026-07-20,3,12.66,0
res-024,2026-07-21,5,13.52,0
res-024,2026-07-22,2,9.5,1
res-024,2026-07-23,4,17.61,1
res-024,2026-07-24,5,11.02,1
res-024,2026-07-25,3,7.14,0
res-024,2026-07-26,4,17.82,0
res-024,2026-07-27,2,14.0,2
res-024,2026-07-28,3,16.33,1
res-024,2026-07-29,6,15.49,2
res-024,2026-07-30,2,10.9,0
res-024,2026-07-31,5,14.75,0
res-024,2026-08-01,2,7.74,1
res-024,2026-08-02,5,16.68,2
res-024,2026-08-03,3,18.05,0
res-024,2026-08-04,3,11.76,0
res-024,2026-08-05,5,15.64,0
res-024,2026-08-06,3,15.99,0
res-024,2026-08-07,7,12.52,0
res-024,2026-08-08,5,9.73,0
res-024,2026-08-09,4,11.79,2
res-024,2026-08-10,3,10.85,0
res-024,2026-08-11,5,9.51,0
res-024,2026-08-12,3,15.59,0
res-024,2026-08-13,6,14.6,0
res-024,2026-08-14,4,13.3,0
res-024,2026-08-15,4,13.8,0
res-024,2026-08-16,3,12.67,0
res-024,2026-08-17,3,12.08,2
res-024,2026-08-18,6,9.44,0
res-024,2026-08-19,3,10.2,1
res-024,2026-08-20,5,17.44,0
res-024,2026-08-21,3,8.76,0
res-024,2026-08-22,6,16.35,0
res-024,2026-08-23,1,11.44,0
res-024,2026-08-24,8,12.26,0
res-024,2026-08-25,3,13.08,0
res-024,2026-08-26,2,13.56,0
res-024,2026-08-27,5,16.22,1
res-024,2026-08-28,6,10.12,1
res-024,2026-08-29,2,8.05,0
res-024,2026-08-30,5,8.5,0
res-024,2026-08-31,8,15.75,0
res-024,2026-09-01,2,5.53,1
res-024,2026-09-02,7,16.5,0
res-024,2026-09-03,4,17.52,0
res-024,2026-09-04,5,11.34,2
res-024,2026-09-05,7,11.48,0
res-024,2026-09-06,8,8.72,0
res-024,2026-09-07,4,20.14,0
res-024,2026-09-08,4,10.94,0
res-024,2026-09-09,4,16.86,0
res-024,2026-09-10,2,14.04,0
res-024,2026-09-11,2,8.5,0
res-024,2026-09-12,3,10.49,1
res-024,2026-09-13,5,11.95,0
res-025,2026-05-17,0,6.09,0
res-025,2026-05-18,2,5.1,0
res-025,2026-05-19,1,8.88,0
res-025,2026-05-20,2,1.28,0
res-025,2026-05-21,0,0.0,1
res-025,2026-05-22,2,7.32,0
res-025,2026-05-23,2,9.44,0
res-025,2026-05-24,5,12.58,0
res-025,2026-05-25,4,3.43,1
res-025,2026-05-26,2,12.42,0
res-025,2026-05-27,1,11.1,0
res-025,2026-05-28,0,9.49,0
res-025,2026-05-29,1,4.28,1
res-025,2026-05-30,0,3.2,1
res-025,2026-05-31,0,5.06,0
res-025,2026-06-01,2,6.99,0
res-025,2026-06-02,2,4.98,0
res-025,2026-06-03,1,6.02,0
res-025,2026-06-04,3,6.25,0
res-025,2026-06-05,2,1.65,0
res-025,2026-06-06,2,6.96,1
res-025,2026-06-07,1,10.03,0
res-025,2026-06-08,2,4.44,0
res-025,2026-06-09,3,14.56,1
res-025,2026-06-10,2,3.07,1
res-025,2026-06-11,1,5.3,1
res-025,2026-06-12,0,1.9,0
res-025,2026-06-13,5,5.4,1
res-025,2026-06-14,3,5.56,2
res-025,2026-06-15,4,10.37,1
res-025,2026-06-16,0,5.63,0
res-025,2026-06-17,1,2.19,0
res-025,2026-06-18,3,10.22,1
res-025,2026-06-19,2,8.8,1
res-025,2026-06-20,1,2.08,0
res-025,2026-06-21,4,4.53,0
res-025,2026-06-22,1,10.01,0
res-025,2026-06-23,2,6.33,0
res-025,2026-06-24,2,7.2,0
res-025,2026-06-25,4,12.14,0
res-025,2026-06-26,1,8.11,2
res-025,2026-06-27,2,7.17,0
res-025,2026-06-28,2,3.93,1
res-025,2026-06-29,4,3.77,0
res-025,2026-06-30,1,9.59,1
res-025,2026-07-01,0,6.61,1
res-025,2026-07-02,4,9.78,0
res-025,2026-07-03,3,12.51,0
res-025,2026-07-04,7,9.34,0
res-025,2026-07-05,2,4.95,0
res-025,2026-07-06,4,9.75,0
res-025,2026-07-07,4,4.41,2
res-025,2026-07-08,1,6.11,0
res-025,2026-07-09,2,6.34,0
res-025,2026-07-10,2,3.47,0
res-025,2026-07-11,1,2.58,0
res-025,2026-07-12,3,10.82,0
res-025,2026-07-13,5,3.66,0
res-025,2026-07-14,2,3.41,1
res-025,2026-07-15,2,4.74,0
res-025,2026-07-16,1,7.26,1
res-025,2026-07-17,5,9.0,1
res-025,2026-07-18,2,0.27,0
res-025,2026-07-19,2,9.5,0
res-025,2026-07-20,0,9.53,0
res-025,2026-07-21,1,9.7,0
res-025,2026-07-22,3,9.7,0
res-025,2026-07-23,1,5.11,0
res-025,2026-07-24,0,7.77,0
res-025,2026-07-25,1,10.38,2
res-025,2026-07-26,2,6.27,0
res-025,2026-07-27,4,9.49,0
res-025,2026-07-28,2,6.85,2
res-025,2026-07-29,2,8.12,0
res-025,2026-07-30,3,8.8,1
res-025,2026-07-31,0,4.27,0
res-025,2026-08-01,1,8.01,0
res-025,2026-08-02,4,4.25,0
res-025,2026-08-03,3,1.12,0
res-025,2026-08-04,0,9.3,0
res-025,2026-08-05,1,1.3,0
res-025,2026-08-06,1,3.61,1
res-025,2026-08-07,1,6.2,0
res-025,2026-08-08,2,1.79,0
res-025,2026-08-09,2,0.59,0
res-025,2026-08-10,4,10.56,2
res-025,2026-08-11,1,8.32,0
res-025,2026-08-12,3,7.18,0
res-025,2026-08-13,5,5.42,0
res-025,2026-08-14,0,4.18,0
res-025,2026-08-15,2,9.78,0
res-025,2026-08-16,1,10.89,0
res-025,2026-08-17,2,10.48,0
res-025,2026-08-18,4,10.9,0
res-025,2026-08-19,1,8.8,0
res-025,2026-08-20,5,7.23,0
res-025,2026-08-21,3,5.02,1
res-025,2026-08-22,3,7.89,0
res-025,2026-08-23,3,6.63,0
res-025,2026-08-24,1,8.16,0
res-025,2026-08-25,2,6.11,1
res-025,2026-08-26,3,7.09,0
res-025,2026-08-27,1,3.23,0
res-025,2026-08-28,2,4.02,1
res-025,2026-08-29,2,4.37,0
res-025,2026-08-30,1,2.05,0
res-025,2026-08-31,1,11.38,0
res-025,2026-09-01,2,4.67,0
res-025,2026-09-02,5,9.02,0
res-025,2026-09-03,0,9.99,2
res-025,2026-09-04,2,8.6,0
res-025,2026-09-05,3,9.76,0
res-025,2026-09-06,1,2.04,0
res-025,2026-09-07,2,2.45,0
res-025,2026-09-08,3,13.51,0
res-025,2026-09-09,3,6.03,0
res-025,2026-09-10,3,3.74,1
res-025,2026-09-11,2,10.25,1
res-025,2026-09-12,2,5.6,0
res-025,2026-09-13,3,2.98,1
res-026,2026-05-17,4,6.27,0
res-026,2026-05-18,3,7.08,0
res-026,2026-05-19,2,0.16,1
res-026,2026-05-20,0,9.11,0
res-026,2026-05-21,0,2.72,0
res-026,2026-05-22,1,5.44,0
res-026,2026-05-23,0,1.48,0
res-026,2026-05-24,0,6.61,0
res-026,2026-05-25,0,5.02,0
res-026,2026-05-26,2,2.31,0
res-026,2026-05-27,1,4.97,0
res-026,2026-05-28,1,0.11,1
res-026,2026-05-29,3,0.0,0
res-026,2026-05-30,0,7.25,0
res-026,2026-05-31,1,6.77,0
res-026,2026-06-01,0,5.19,1
res-026,2026-06-02,2,2.1,0
res-026,2026-06-03,3,6.41,0
res-026,2026-06-04,1,10.0,0
res-026,2026-06-05,1,6.65,1
res-026,2026-06-06,2,0.0,0
res-026,2026-06-07,0,7.27,1
res-026,2026-06-08,0,0.0,0
res-026,2026-06-09,0,0.71,0
res-026,2026-06-10,1,0.0,0
res-026,2026-06-11,1,3.62,0
res-026,2026-06-12,3,3.65,1
res-026,2026-06-13,2,5.54,0
res-026,2026-06-14,1,7.48,0
res-026,2026-06-15,3,11.12,1
res-026,2026-06-16,1,5.93,0
res-026,2026-06-17,1,0.48,0
res-026,2026-06-18,3,3.5,0
res-026,2026-06-19,1,7.73,0
res-026,2026-06-20,4,5.98,0
res-026,2026-06-21,1,0.14,0
res-026,2026-06-22,1,8.67,1
res-026,2026-06-23,2,5.5,1
res-026,2026-06-24,1,7.0,0
res-026,2026-06-25,2,0.0,0
res-026,2026-06-26,1,2.03,1
res-026,2026-06-27,2,0.0,0
res-026,2026-06-28,1,8.3,0
res-026,2026-06-29,1,5.92,0
res-026,2026-06-30,0,0.0,1
res-026,2026-07-01,2,2.11,0
res-026,2026-07-02,0,0.54,1
res-026,2026-07-03,1,1.07,0
res-026,2026-07-04,1,2.33,0
res-026,2026-07-05,1,6.68,0
res-026,2026-07-06,0,0.0,0
res-026,2026-07-07,2,3.67,1
res-026,2026-07-08,3,6.67,0
res-026,2026-07-09,1,2.44,0
res-026,2026-07-10,2,6.04,0
res-026,2026-07-11,1,7.89,2
res-026,2026-07-12,1,2.74,0
res-026,2026-07-13,2,3.69,0
res-026,2026-07-14,4,2.58,0
res-026,2026-07-15,1,7.04,0
res-026,2026-07-16,3,5.14,0
res-026,2026-07-17,4,4.38,1
res-026,2026-07-18,1,5.67,0
res-026,2026-07-19,2,6.33,0
res-026,2026-07-20,0,10.55,0
res-026,2026-07-21,0,4.81,0
res-026,2026-07-22,0,3.46,0
res-026,2026-07-23,0,4.04,0
res-026,2026-07-24,1,8.83,0
res-026,2026-07-25,2,7.7,1
res-026,2026-07-26,2,8.79,0
res-026,2026-07-27,0,6.12,0
res-026,2026-07-28,1,3.23,0
res-026,2026-07-29,2,7.01,0
res-026,2026-07-30,2,2.04,1
res-026,2026-07-31,3,7.06,1
res-026,2026-08-01,2,9.57,0
res-026,2026-08-02,1,5.79,0
res-026,2026-08-03,3,6.46,0
res-026,2026-08-04,2,4.64,0
res-026,2026-08-05,1,7.45,0
res-026,2026-08-06,1,3.22,0
res-026,2026-08-07,0,2.13,1
res-026,2026-08-08,2,2.75,1
res-026,2026-08-09,4,6.93,3
res-026,2026-08-10,0,4.7,0
res-026,2026-08-11,0,0.0,0
res-026,2026-08-12,2,9.51,0
res-026,2026-08-13,3,5.73,1
res-026,2026-08-14,2,0.61,1
res-026,2026-08-15,1,1.63,0
res-026,2026-08-16,1,0.75,1
res-026,2026-08-17,1,3.61,1
res-026,2026-08-18,0,7.3,0
res-026,2026-08-19,2,6.43,0
res-026,2026-08-20,1,0.0,0
res-026,2026-08-21,3,2.03,1
res-026,2026-08-22,0,7.61,1
res-026,2026-08-23,1,6.21,1
res-026,2026-08-24,1,0.0,0
res-026,2026-08-25,1,1.73,1
res-026,2026-08-26,1,6.3,1
res-026,2026-08-27,1,7.26,1
res-026,2026-08-28,3,2.45,0
res-026,2026-08-29,0,4.01,1
res-026,2026-08-30,1,8.81,0
res-026,2026-08-31,1,7.23,0
res-026,2026-09-01,2,6.91,1
res-026,2026-09-02,4,6.45,1
res-026,2026-09-03,0,0.79,0
res-026,2026-09-04,2,8.97,0
res-026,2026-09-05,1,3.82,0
res-026,2026-09-06,0,5.23,0
res-026,2026-09-07,1,9.14,0
res-026,2026-09-08,6,6.82,0
res-026,2026-09-09,0,5.32,0
res-026,2026-09-10,0,3.17,0
res-026,2026-09-11,0,2.95,0
res-026,2026-09-12,5,5.91,0
res-026,2026-09-13,0,3.49,1
res-027,2026-05-17,3,7.25,0
res-027,2026-05-18,4,2.24,0
res-027,2026-05-19,2,10.49,0
res-027,2026-05-20,0,7.97,1
res-027,2026-05-21,0,1.99,0
res-027,2026-05-22,3,7.68,0
res-027,2026-05-23,4,7.98,1
res-027,2026-05-24,3,5.45,0
res-027,2026-05-25,1,8.05,0
res-027,2026-05-26,2,10.39,0
res-027,2026-05-27,3,4.74,0
res-027,2026-05-28,1,5.19,0
res-027,2026-05-29,1,3.08,0
res-027,2026-05-30,3,3.1,0
res-027,2026-05-31,0,5.37,0
res-027,2026-06-01,2,4.26,0
res-027,2026-06-02,1,4.98,0
res-027,2026-06-03,2,10.5,0
res-027,2026-06-04,2,3.63,0
res-027,2026-06-05,1,5.12,0
res-027,2026-06-06,2,4.99,0
res-027,2026-06-07,1,3.28,0
res-027,2026-06-08,3,2.49,0
res-027,2026-06-09,1,12.21,0
res-027,2026-06-10,1,9.0,0
res-027,2026-06-11,1,3.51,0
res-027,2026-06-12,1,6.06,1
res-027,2026-06-13,1,11.74,1
res-027,2026-06-14,4,10.37,0
res-027,2026-06-15,3,12.69,1
res-027,2026-06-16,1,4.08,0
res-027,2026-06-17,4,10.26,1
res-027,2026-06-18,2,1.9,0
res-027,2026-06-19,1,3.82,0
res-027,2026-06-20,0,5.59,1
res-027,2026-06-21,3,9.67,0
res-027,2026-06-22,6,6.57,0
res-027,2026-06-23,1,0.32,2
res-027,2026-06-24,3,7.06,0
res-027,2026-06-25,2,2.5,0
res-027,2026-06-26,1,1.94,0
res-027,2026-06-27,4,7.3,1
res-027,2026-06-28,2,10.43,0
res-027,2026-06-29,3,11.11,0
res-027,2026-06-30,2,2.4,0
res-027,2026-07-01,3,3.12,1
res-027,2026-07-02,4,5.07,0
res-027,2026-07-03,4,10.46,1
res-027,2026-07-04,1,4.5,0
res-027,2026-07-05,4,7.35,1
res-027,2026-07-06,0,3.88,0
res-027,2026-07-07,6,5.8,0
res-027,2026-07-08,0,2.62,1
res-027,2026-07-09,3,3.76,0
res-027,2026-07-10,2,9.56,0
res-027,2026-07-11,1,5.98,0
res-027,2026-07-12,2,7.02,1
res-027,2026-07-13,0,7.59,0
res-027,2026-07-14,5,8.79,0
res-027,2026-07-15,5,5.68,1
res-027,2026-07-16,2,11.77,1
res-027,2026-07-17,2,7.06,0
res-027,2026-07-18,4,0.15,1
res-027,2026-07-19,1,4.79,0
res-027,2026-07-20,1,12.54,0
res-027,2026-07-21,2,5.36,0
res-027,2026-07-22,0,3.79,0
res-027,2026-07-23,4,6.09,0
res-027,2026-07-24,3,11.95,0
res-027,2026-07-25,2,11.84,0
res-027,2026-07-26,4,7.55,0
res-027,2026-07-27,3,3.24,0
res-027,2026-07-28,1,1.21,1
res-027,2026-07-29,3,15.13,0
res-027,2026-07-30,0,9.88,0
res-027,2026-07-31,3,5.47,0
res-027,2026-08-01,3,3.4,0
res-027,2026-08-02,4,7.82,0
res-027,2026-08-03,2,9.15,0
res-027,2026-08-04,5,13.48,0
res-027,2026-08-05,2,12.92,0
res-027,2026-08-06,0,4.88,2
res-027,2026-08-07,4,11.89,0
res-027,2026-08-08,3,4.11,0
res-027,2026-08-09,3,5.1,1
res-027,2026-08-10,1,2.8,1
res-027,2026-08-11,1,5.89,0
res-027,2026-08-12,2,0.28,0
res-027,2026-08-13,1,2.79,0
res-027,2026-08-14,2,10.84,0
res-027,2026-08-15,2,2.11,0
res-027,2026-08-16,2,5.19,0
res-027,2026-08-17,2,2.79,0
res-027,2026-08-18,3,4.25,0
res-027,2026-08-19,0,5.02,0
res-027,2026-08-20,0,5.21,0
res-027,2026-08-21,1,9.59,0
res-027,2026-08-22,1,10.34,2
res-027,2026-08-23,5,3.49,0
res-027,2026-08-24,4,8.08,0
res-027,2026-08-25,1,8.35,0
res-027,2026-08-26,1,0.0,2
res-027,2026-08-27,3,4.39,0
res-027,2026-08-28,4,6.87,0
res-027,2026-08-29,0,2.6,0
res-027,2026-08-30,0,5.14,0
res-027,2026-08-31,2,5.64,0
res-027,2026-09-01,4,12.0,0
res-027,2026-09-02,5,3.46,0
res-027,2026-09-03,2,10.36,0
res-027,2026-09-04,1,2.85,0
res-027,2026-09-05,4,6.29,0
res-027,2026-09-06,1,4.22,1
res-027,2026-09-07,2,6.65,0
res-027,2026-09-08,4,5.96,0
res-027,2026-09-09,0,5.34,2
res-027,2026-09-10,4,7.94,0
res-027,2026-09-11,2,3.71,0
res-027,2026-09-12,0,3.48,1
res-027,2026-09-13,2,7.46,0
res-028,2026-05-17,2,3.19,1
res-028,2026-05-18,1,5.28,0
res-028,2026-05-19,0,6.77,0
res-028,2026-05-20,4,5.23,1
res-028,2026-05-21,1,3.52,0
res-028,2026-05-22,1,4.21,1
res-028,2026-05-23,4,12.02,0
res-028,2026-05-24,2,7.07,0
res-028,2026-05-25,4,1.56,0
res-028,2026-05-26,2,7.0,1
res-028,2026-05-27,4,6.27,0
res-028,2026-05-28,2,8.15,0
res-028,2026-05-29,1,6.18,0
res-028,2026-05-30,5,5.84,1
res-028,2026-05-31,2,3.27,0
res-028,2026-06-01,6,9.52,1
res-028,2026-06-02,2,3.01,0
res-028,2026-06-03,6,9.12,1
res-028,2026-06-04,1,6.9,0
res-028,2026-06-05,2,5.13,1
res-028,2026-06-06,2,8.78,0
res-028,2026-06-07,5,6.83,0
res-028,2026-06-08,1,9.62,1
res-028,2026-06-09,3,5.93,2
res-028,2026-06-10,4,7.62,1
res-028,2026-06-11,1,10.06,0
res-028,2026-06-12,2,5.0,0
res-028,2026-06-13,3,0.75,0
res-028,2026-06-14,3,8.48,1
res-028,2026-06-15,4,9.16,1
res-028,2026-06-16,2,6.06,0
res-028,2026-06-17,0,7.39,1
res-028,2026-06-18,3,4.29,0
res-028,2026-06-19,3,4.87,2
res-028,2026-06-20,3,6.31,0
res-028,2026-06-21,1,3.02,0
res-028,2026-06-22,1,6.09,0
res-028,2026-06-23,4,8.31,0
res-028,2026-06-24,2,8.68,0
res-028,2026-06-25,6,4.16,0
res-028,2026-06-26,2,4.17,0
res-028,2026-06-27,3,3.03,2
res-028,2026-06-28,4,6.81,1
res-028,2026-06-29,4,7.79,0
res-028,2026-06-30,1,4.19,0
res-028,2026-07-01,2,9.69,0
res-028,2026-07-02,7,5.6,0
res-028,2026-07-03,2,4.82,1
res-028,2026-07-04,0,1.54,1
res-028,2026-07-05,3,6.11,0
res-028,2026-07-06,1,8.41,0
res-028,2026-07-07,1,8.38,1
res-028,2026-07-08,1,7.1,0
res-028,2026-07-09,2,6.19,0
res-028,2026-07-10,4,11.91,1
res-028,2026-07-11,2,6.96,0
res-028,2026-07-12,0,14.04,0
res-028,2026-07-13,1,3.28,2
res-028,2026-07-14,5,10.45,0
res-028,2026-07-15,2,10.82,1
res-028,2026-07-16,3,10.08,0
res-028,2026-07-17,3,9.68,0
res-028,2026-07-18,1,5.7,0
res-028,2026-07-19,2,9.46,0
res-028,2026-07-20,2,5.41,0
res-028,2026-07-21,3,8.39,0
res-028,2026-07-22,2,10.81,0
res-028,2026-07-23,2,6.6,0
res-028,2026-07-24,1,11.09,0
res-028,2026-07-25,1,7.15,0
res-028,2026-07-26,2,6.23,0
res-028,2026-07-27,2,3.51,1
res-028,2026-07-28,1,5.97,0
res-028,2026-07-29,6,6.0,0
res-028,2026-07-30,0,5.18,0
res-028,2026-07-31,2,7.84,0
res-028,2026-08-01,3,7.49,0
res-028,2026-08-02,4,0.02,0
res-028,2026-08-03,0,0.0,0
res-028,2026-08-04,4,6.53,0
res-028,2026-08-05,2,1.67,1
res-028,2026-08-06,3,7.88,0
res-028,2026-08-07,2,7.26,1
res-028,2026-08-08,2,6.68,0
res-028,2026-08-09,1,1.03,0
res-028,2026-08-10,4,3.48,0
res-028,2026-08-11,1,1.04,1
res-028,2026-08-12,2,3.2,0
res-028,2026-08-13,6,7.16,0
res-028,2026-08-14,4,3.35,0
res-028,2026-08-15,3,2.35,0
res-028,2026-08-16,6,1.48,0
res-028,2026-08-17,2,1.86,0
res-028,2026-08-18,0,4.89,0
res-028,2026-08-19,1,3.42,0
res-028,2026-08-20,1,11.92,1
res-028,2026-08-21,4,6.35,0
res-028,2026-08-22,5,5.9,0
res-028,2026-08-23,2,5.34,0
res-028,2026-08-24,1,2.13,0
res-028,2026-08-25,2,12.62,0
res-028,2026-08-26,4,9.58,0
res-028,2026-08-27,1,6.76,0
res-028,2026-08-28,0,1.45,0
res-028,2026-08-29,2,5.77,1
res-028,2026-08-30,0,5.7,0
res-028,2026-08-31,3,11.77,0
res-028,2026-09-01,5,5.36,1
res-028,2026-09-02,2,7.91,0
res-028,2026-09-03,0,4.41,0
res-028,2026-09-04,1,3.4,0
res-028,2026-09-05,3,8.97,0
res-028,2026-09-06,2,8.99,0
res-028,2026-09-07,1,5.62,0
res-028,2026-09-08,3,3.52,0
res-028,2026-09-09,3,5.8,0
res-028,2026-09-10,2,5.67,0
res-028,2026-09-11,0,6.37,0
res-028,2026-09-12,1,9.27,2
res-028,2026-09-13,3,10.27,1
res-029,2026-05-17,7,38.16,1
res-029,2026-05-18,8,38.92,1
res-029,2026-05-19,10,39.15,2
res-029,2026-05-20,10,29.66,1
res-029,2026-05-21,12,30.84,2
res-029,2026-05-22,10,30.2,1
res-029,2026-05-23,7,33.35,2
res-029,2026-05-24,13,30.03,1
res-029,2026-05-25,6,32.42,0
res-029,2026-05-26,9,38.68,0
res-029,2026-05-27,8,33.22,1
res-029,2026-05-28,13,31.36,2
res-029,2026-05-29,7,34.97,1
res-029,2026-05-30,12,31.74,0
res-029,2026-05-31,9,28.94,1
res-029,2026-06-01,10,29.79,1
res-029,2026-06-02,6,33.08,2
res-029,2026-06-03,7,28.16,1
res-029,2026-06-04,8,35.37,1
res-029,2026-06-05,7,33.51,1
res-029,2026-06-06,7,34.75,1
res-029,2026-06-07,7,30.93,1
res-029,2026-06-08,12,33.62,0
res-029,2026-06-09,10,29.85,2
res-029,2026-06-10,9,28.36,2
res-029,2026-06-11,5,30.34,0
res-029,2026-06-12,8,33.36,1
res-029,2026-06-13,11,32.05,0
res-029,2026-06-14,9,26.76,1
res-029,2026-06-15,10,25.68,1
res-029,2026-06-16,10,30.33,1
res-029,2026-06-17,4,27.54,1
res-029,2026-06-18,11,30.99,1
res-029,2026-06-19,5,24.74,1
res-029,2026-06-20,8,28.8,2
res-029,2026-06-21,4,22.14,0
res-029,2026-06-22,5,31.63,1
res-029,2026-06-23,6,27.32,1
res-029,2026-06-24,7,21.32,1
res-029,2026-06-25,7,25.91,0
res-029,2026-06-26,9,30.49,1
res-029,2026-06-27,4,21.73,1
res-029,2026-06-28,7,23.67,2
res-029,2026-06-29,7,30.88,2
res-029,2026-06-30,9,30.14,1
res-029,2026-07-01,4,27.36,1
res-029,2026-07-02,4,25.84,1
res-029,2026-07-03,3,25.49,2
res-029,2026-07-04,8,24.42,2
res-029,2026-07-05,4,22.05,0
res-029,2026-07-06,6,22.74,0
res-029,2026-07-07,10,28.5,1
res-029,2026-07-08,6,29.64,0
res-029,2026-07-09,4,23.26,1
res-029,2026-07-10,6,23.4,1
res-029,2026-07-11,5,20.85,3
res-029,2026-07-12,11,24.6,2
res-029,2026-07-13,6,23.99,1
res-029,2026-07-14,8,20.39,1
res-029,2026-07-15,4,23.22,2
res-029,2026-07-16,2,28.54,0
res-029,2026-07-17,2,22.25,1
res-029,2026-07-18,5,20.75,2
res-029,2026-07-19,3,21.02,0
res-029,2026-07-20,6,20.84,1
res-029,2026-07-21,7,15.32,0
res-029,2026-07-22,6,16.29,0
res-029,2026-07-23,4,19.88,0
res-029,2026-07-24,7,23.3,1
res-029,2026-07-25,6,16.26,0
res-029,2026-07-26,6,18.16,0
res-029,2026-07-27,10,25.39,0
res-029,2026-07-28,8,19.31,0
res-029,2026-07-29,3,10.67,0
res-029,2026-07-30,5,21.09,0
res-029,2026-07-31,10,15.15,0
res-029,2026-08-01,5,18.1,1
res-029,2026-08-02,3,19.74,1
res-029,2026-08-03,4,19.55,0
res-029,2026-08-04,8,19.37,1
res-029,2026-08-05,6,19.08,0
res-029,2026-08-06,4,17.16,2
res-029,2026-08-07,4,20.82,0
res-029,2026-08-08,5,14.29,0
res-029,2026-08-09,3,15.21,1
res-029,2026-08-10,4,14.9,0
res-029,2026-08-11,4,20.41,0
res-029,2026-08-12,4,11.95,1
res-029,2026-08-13,0,17.52,1
res-029,2026-08-14,4,10.53,1
res-029,2026-08-15,4,13.62,0
res-029,2026-08-16,6,14.63,0
res-029,2026-08-17,7,12.46,2
res-029,2026-08-18,0,10.34,0
res-029,2026-08-19,4,17.42,0
res-029,2026-08-20,5,15.19,0
res-029,2026-08-21,5,12.6,0
res-029,2026-08-22,3,11.95,1
res-029,2026-08-23,5,14.05,0
res-029,2026-08-24,3,12.45,1
res-029,2026-08-25,4,7.4,1
res-029,2026-08-26,3,18.54,1
res-029,2026-08-27,1,12.96,0
res-029,2026-08-28,3,8.73,1
res-029,2026-08-29,10,8.66,0
res-029,2026-08-30,1,9.58,0
res-029,2026-08-31,2,12.93,0
res-029,2026-09-01,2,11.88,0
res-029,2026-09-02,4,5.38,1
res-029,2026-09-03,2,4.27,0
res-029,2026-09-04,1,6.3,0
res-029,2026-09-05,2,9.83,2
res-029,2026-09-06,4,7.09,1
res-029,2026-09-07,1,13.8,0
res-029,2026-09-08,1,2.84,1
res-029,2026-09-09,3,6.15,1
res-029,2026-09-10,1,3.11,3
res-029,2026-09-11,4,5.02,1
res-029,2026-09-12,3,11.32,1
res-029,2026-09-13,1,2.19,0
res-030,2026-05-17,1,5.25,0
res-030,2026-05-18,6,8.04,0
res-030,2026-05-19,1,6.84,0
res-030,2026-05-20,1,3.13,0
res-030,2026-05-21,1,8.14,0
res-030,2026-05-22,3,5.39,1
res-030,2026-05-23,1,2.59,0
res-030,2026-05-24,5,5.19,0
res-030,2026-05-25,3,7.02,2
res-030,2026-05-26,4,18.05,1
res-030,2026-05-27,3,6.72,1
res-030,2026-05-28,3,9.54,1
res-030,2026-05-29,4,6.82,0
res-030,2026-05-30,3,5.64,0
res-030,2026-05-31,2,10.18,0
res-030,2026-06-01,1,7.96,0
res-030,2026-06-02,2,11.81,0
res-030,2026-06-03,3,10.52,0
res-030,2026-06-04,2,4.62,0
res-030,2026-06-05,6,7.2,1
res-030,2026-06-06,3,7.74,0
res-030,2026-06-07,3,8.36,0
res-030,2026-06-08,2,8.93,0
res-030,2026-06-09,1,2.88,0
res-030,2026-06-10,1,11.22,0
res-030,2026-06-11,0,2.86,0
res-030,2026-06-12,2,8.36,4
res-030,2026-06-13,5,14.42,0
res-030,2026-06-14,2,6.88,0
res-030,2026-06-15,1,8.46,0
res-030,2026-06-16,2,6.39,0
res-030,2026-06-17,3,2.7,1
res-030,2026-06-18,7,5.09,0
res-030,2026-06-19,2,7.33,1
res-030,2026-06-20,6,7.64,0
res-030,2026-06-21,1,3.31,0
res-030,2026-06-22,3,0.71,0
res-030,2026-06-23,2,3.69,0
res-030,2026-06-24,3,6.16,0
res-030,2026-06-25,3,2.19,0
res-030,2026-06-26,5,5.3,1
res-030,2026-06-27,1,12.34,0
res-030,2026-06-28,0,2.98,0
res-030,2026-06-29,1,6.65,0
res-030,2026-06-30,2,12.68,0
res-030,2026-07-01,1,1.71,0
res-030,2026-07-02,4,7.49,0
res-030,2026-07-03,1,2.08,0
res-030,2026-07-04,0,14.69,0
res-030,2026-07-05,3,2.09,0
res-030,2026-07-06,2,12.46,1
res-030,2026-07-07,2,5.06,0
res-030,2026-07-08,0,2.68,1
res-030,2026-07-09,2,8.21,0
res-030,2026-07-10,2,8.8,0
res-030,2026-07-11,1,3.25,0
res-030,2026-07-12,1,3.44,0
res-030,2026-07-13,3,1.51,0
res-030,2026-07-14,2,4.74,1
res-030,2026-07-15,2,3.69,1
res-030,2026-07-16,1,9.26,1
res-030,2026-07-17,3,7.18,1
res-030,2026-07-18,5,10.11,0
res-030,2026-07-19,4,8.95,0
res-030,2026-07-20,2,3.68,0
res-030,2026-07-21,1,7.89,0
res-030,2026-07-22,2,4.9,0
res-030,2026-07-23,0,0.0,0
res-030,2026-07-24,5,0.0,0
res-030,2026-07-25,2,10.95,0
res-030,2026-07-26,2,5.22,0
res-030,2026-07-27,9,7.08,0
res-030,2026-07-28,4,3.71,0
res-030,2026-07-29,0,5.63,0
res-030,2026-07-30,1,5.71,0
res-030,2026-07-31,5,10.44,1
res-030,2026-08-01,4,10.1,0
res-030,2026-08-02,3,4.62,1
res-030,2026-08-03,5,4.75,0
res-030,2026-08-04,5,7.03,0
res-030,2026-08-05,3,14.38,0
res-030,2026-08-06,1,6.1,0
res-030,2026-08-07,0,6.61,1
res-030,2026-08-08,3,6.12,0
res-030,2026-08-09,5,7.12,1
res-030,2026-08-10,3,3.84,0
res-030,2026-08-11,2,8.59,0
res-030,2026-08-12,1,6.93,0
res-030,2026-08-13,3,6.81,1
res-030,2026-08-14,1,6.94,0
res-030,2026-08-15,4,8.54,0
res-030,2026-08-16,5,3.9,0
res-030,2026-08-17,4,8.46,0
res-030,2026-08-18,1,12.15,0
res-030,2026-08-19,0,3.55,0
res-030,2026-08-20,3,6.3,0
res-030,2026-08-21,2,3.64,0
res-030,2026-08-22,5,4.53,1
res-030,2026-08-23,1,8.68,0
res-030,2026-08-24,3,8.55,0
res-030,2026-08-25,0,8.99,1
res-030,2026-08-26,5,7.99,1
res-030,2026-08-27,4,6.29,0
res-030,2026-08-28,5,9.49,0
res-030,2026-08-29,3,2.26,0
res-030,2026-08-30,3,9.95,0
res-030,2026-08-31,1,8.83,0
res-030,2026-09-01,2,3.2,0
res-030,2026-09-02,1,8.52,1
res-030,2026-09-03,1,4.46,0
res-030,2026-09-04,3,9.88,0
res-030,2026-09-05,3,8.4,0
res-030,2026-09-06,7,6.14,1
res-030,2026-09-07,1,4.57,2
res-030,2026-09-08,2,7.02,0
res-030,2026-09-09,5,9.5,0
res-030,2026-09-10,3,7.45,0
res-030,2026-09-11,4,4.28,0
res-030,2026-09-12,3,8.21,2
res-030,2026-09-13,1,7.79,0
res-031,2026-05-17,3,13.72,1
res-031,2026-05-18,1,7.38,0
res-031,2026-05-19,2,14.02,0
res-031,2026-05-20,0,13.83,1
res-031,2026-05-21,3,10.12,1
res-031,2026-05-22,6,9.46,0
res-031,2026-05-23,4,15.79,0
res-031,2026-05-24,2,5.62,0
res-031,2026-05-25,5,8.52,0
res-031,2026-05-26,3,9.48,1
res-031,2026-05-27,2,6.93,1
res-031,2026-05-28,3,11.61,0
res-031,2026-05-29,2,15.69,1
res-031,2026-05-30,3,14.95,0
res-031,2026-05-31,1,8.75,0
res-031,2026-06-01,2,4.84,0
res-031,2026-06-02,0,12.77,0
res-031,2026-06-03,2,7.31,0
res-031,2026-06-04,2,11.17,0
res-031,2026-06-05,1,7.68,0
res-031,2026-06-06,4,7.38,1
res-031,2026-06-07,2,9.74,0
res-031,2026-06-08,2,10.7,1
res-031,2026-06-09,4,10.48,0
res-031,2026-06-10,2,6.67,1
res-031,2026-06-11,5,10.19,2
res-031,2026-06-12,1,5.97,0
res-031,2026-06-13,3,6.5,1
res-031,2026-06-14,9,15.41,0
res-031,2026-06-15,5,9.36,1
res-031,2026-06-16,5,11.75,1
res-031,2026-06-17,4,13.42,0
res-031,2026-06-18,2,8.79,0
res-031,2026-06-19,1,15.77,0
res-031,2026-06-20,3,9.94,0
res-031,2026-06-21,3,4.69,0
res-031,2026-06-22,4,7.46,0
res-031,2026-06-23,2,6.84,0
res-031,2026-06-24,4,4.85,1
res-031,2026-06-25,4,11.29,0
res-031,2026-06-26,1,11.64,1
res-031,2026-06-27,4,6.54,1
res-031,2026-06-28,4,9.99,0
res-031,2026-06-29,5,13.18,1
res-031,2026-06-30,5,13.96,0
res-031,2026-07-01,4,19.05,0
res-031,2026-07-02,4,11.5,0
res-031,2026-07-03,5,6.9,0
res-031,2026-07-04,4,8.34,1
res-031,2026-07-05,3,11.86,1
res-031,2026-07-06,4,11.07,0
res-031,2026-07-07,3,16.34,2
res-031,2026-07-08,3,10.97,2
res-031,2026-07-09,2,12.62,0
res-031,2026-07-10,6,11.8,0
res-031,2026-07-11,5,7.78,0
res-031,2026-07-12,4,8.75,0
res-031,2026-07-13,3,8.24,0
res-031,2026-07-14,2,13.57,0
res-031,2026-07-15,1,11.97,0
res-031,2026-07-16,6,7.57,1
res-031,2026-07-17,3,4.82,0
res-031,2026-07-18,2,10.03,1
res-031,2026-07-19,3,14.45,0
res-031,2026-07-20,1,18.32,1
res-031,2026-07-21,1,13.36,0
res-031,2026-07-22,4,12.52,0
res-031,2026-07-23,2,6.56,0
res-031,2026-07-24,3,12.83,1
res-031,2026-07-25,5,10.73,0
res-031,2026-07-26,1,9.91,0
res-031,2026-07-27,2,7.76,1
res-031,2026-07-28,3,5.35,0
res-031,2026-07-29,2,13.02,0
res-031,2026-07-30,3,7.65,2
res-031,2026-07-31,3,10.34,0
res-031,2026-08-01,4,12.86,2
res-031,2026-08-02,3,13.4,0
res-031,2026-08-03,3,12.09,1
res-031,2026-08-04,2,12.23,0
res-031,2026-08-05,5,5.4,0
res-031,2026-08-06,7,13.63,0
res-031,2026-08-07,5,11.91,1
res-031,2026-08-08,6,15.52,0
res-031,2026-08-09,6,5.72,0
res-031,2026-08-10,3,14.82,0
res-031,2026-08-11,0,5.32,1
res-031,2026-08-12,4,12.42,0
res-031,2026-08-13,4,11.39,0
res-031,2026-08-14,4,11.96,1
res-031,2026-08-15,5,7.45,0
res-031,2026-08-16,3,6.01,0
res-031,2026-08-17,3,8.89,0
res-031,2026-08-18,3,9.49,0
res-031,2026-08-19,2,11.23,1
res-031,2026-08-20,7,16.09,0
res-031,2026-08-21,3,3.08,1
res-031,2026-08-22,3,10.74,0
res-031,2026-08-23,6,13.24,1
res-031,2026-08-24,7,5.44,0
res-031,2026-08-25,2,0.55,1
res-031,2026-08-26,5,5.43,1
res-031,2026-08-27,5,8.68,0
res-031,2026-08-28,2,12.1,0
res-031,2026-08-29,2,10.75,0
res-031,2026-08-30,4,13.58,0
res-031,2026-08-31,5,8.39,1
res-031,2026-09-01,1,10.83,0
res-031,2026-09-02,4,6.28,0
res-031,2026-09-03,2,10.25,0
res-031,2026-09-04,0,7.31,1
res-031,2026-09-05,2,10.1,0
res-031,2026-09-06,4,9.71,0
res-031,2026-09-07,4,14.43,0
res-031,2026-09-08,2,11.09,1
res-031,2026-09-09,2,17.44,0
res-031,2026-09-10,3,12.78,0
res-031,2026-09-11,2,12.28,0
res-031,2026-09-12,3,10.12,1
res-031,2026-09-13,3,10.34,0
res-032,2026-05-17,0,2.19,1
res-032,2026-05-18,1,6.14,0
res-032,2026-05-19,1,5.01,0
res-032,2026-05-20,1,4.76,1
res-032,2026-05-21,4,5.62,0
res-032,2026-05-22,1,6.65,1
res-032,2026-05-23,2,6.83,0
res-032,2026-05-24,1,5.31,0
res-032,2026-05-25,1,6.53,0
res-032,2026-05-26,2,3.53,0
res-032,2026-05-27,0,1.53,0
res-032,2026-05-28,2,10.08,0
res-032,2026-05-29,1,0.0,0
res-032,2026-05-30,0,3.23,0
res-032,2026-05-31,1,6.28,0
res-032,2026-06-01,2,2.96,4
res-032,2026-06-02,1,1.96,0
res-032,2026-06-03,1,3.18,1
res-032,2026-06-04,2,2.62,0
res-032,2026-06-05,1,0.54,0
res-032,2026-06-06,2,1.91,0
res-032,2026-06-07,3,0.0,1
res-032,2026-06-08,0,0.0,1
res-032,2026-06-09,0,3.07,1
res-032,2026-06-10,0,0.0,0
res-032,2026-06-11,1,0.99,0
res-032,2026-06-12,0,0.48,1
res-032,2026-06-13,1,1.66,1
res-032,2026-06-14,0,1.13,0
res-032,2026-06-15,1,0.0,0
res-032,2026-06-16,0,1.49,0
res-032,2026-06-17,1,2.19,0
res-032,2026-06-18,1,0.0,0
res-032,2026-06-19,0,5.28,0
res-032,2026-06-20,0,0.61,0
res-032,2026-06-21,1,0.0,0
res-032,2026-06-22,4,7.98,1
res-032,2026-06-23,1,7.26,0
res-032,2026-06-24,1,3.57,1
res-032,2026-06-25,1,0.24,0
res-032,2026-06-26,2,9.67,1
res-032,2026-06-27,1,6.8,0
res-032,2026-06-28,2,6.13,2
res-032,2026-06-29,0,3.48,0
res-032,2026-06-30,2,0.88,0
res-032,2026-07-01,2,4.59,0
res-032,2026-07-02,2,1.96,0
res-032,2026-07-03,1,4.63,0
res-032,2026-07-04,2,2.69,2
res-032,2026-07-05,1,4.43,0
res-032,2026-07-06,2,0.15,0
res-032,2026-07-07,2,0.29,0
res-032,2026-07-08,1,1.33,0
res-032,2026-07-09,0,0.0,1
res-032,2026-07-10,2,0.94,1
res-032,2026-07-11,0,2.52,0
res-032,2026-07-12,3,0.0,0
res-032,2026-07-13,0,9.34,1
res-032,2026-07-14,0,1.95,0
res-032,2026-07-15,1,1.34,0
res-032,2026-07-16,2,3.55,1
res-032,2026-07-17,0,8.13,0
res-032,2026-07-18,0,3.55,0
res-032,2026-07-19,2,5.52,0
res-032,2026-07-20,1,8.68,0
res-032,2026-07-21,1,10.56,0
res-032,2026-07-22,1,3.11,0
res-032,2026-07-23,1,4.03,0
res-032,2026-07-24,2,5.66,0
res-032,2026-07-25,3,7.41,0
res-032,2026-07-26,1,0.99,0
res-032,2026-07-27,0,7.01,0
res-032,2026-07-28,0,2.59,0
res-032,2026-07-29,0,8.02,0
res-032,2026-07-30,1,2.55,0
res-032,2026-07-31,0,0.0,0
res-032,2026-08-01,2,3.03,0
res-032,2026-08-02,0,5.66,0
res-032,2026-08-03,2,0.0,0
res-032,2026-08-04,0,11.35,0
res-032,2026-08-05,1,9.21,0
res-032,2026-08-06,0,1.34,0
res-032,2026-08-07,0,4.41,0
res-032,2026-08-08,1,3.0,0
res-032,2026-08-09,2,3.9,0
res-032,2026-08-10,1,4.57,0
res-032,2026-08-11,2,5.71,0
res-032,2026-08-12,0,0.51,0
res-032,2026-08-13,1,0.0,1
res-032,2026-08-14,0,11.64,0
res-032,2026-08-15,1,0.0,1
res-032,2026-08-16,1,0.0,1
res-032,2026-08-17,4,0.0,0
res-032,2026-08-18,0,2.26,1
res-032,2026-08-19,2,0.0,0
res-032,2026-08-20,1,3.46,0
res-032,2026-08-21,0,7.3,1
res-032,2026-08-22,2,7.69,0
res-032,2026-08-23,0,3.51,0
res-032,2026-08-24,1,0.89,0
res-032,2026-08-25,1,0.96,0
res-032,2026-08-26,1,8.21,0
res-032,2026-08-27,1,2.8,0
res-032,2026-08-28,1,2.22,0
res-032,2026-08-29,0,4.57,0
res-032,2026-08-30,1,0.0,0
res-032,2026-08-31,2,10.19,0
res-032,2026-09-01,3,0.0,0
res-032,2026-09-02,4,7.6,0
res-032,2026-09-03,1,0.1,0
res-032,2026-09-04,0,4.4,0
res-032,2026-09-05,0,2.22,0
res-032,2026-09-06,1,6.13,1
res-032,2026-09-07,0,2.57,0
res-032,2026-09-08,1,5.41,0
res-032,2026-09-09,1,3.71,0
res-032,2026-09-10,0,0.85,0
res-032,2026-09-11,1,0.32,1
res-032,2026-09-12,1,0.0,1
res-032,2026-09-13,2,5.73,1
res-033,2026-05-17,11,41.6,1
res-033,2026-05-18,16,32.34,3
res-033,2026-05-19,8,31.3,3
res-033,2026-05-20,9,36.85,2
res-033,2026-05-21,9,34.72,1
res-033,2026-05-22,7,31.82,1
res-033,2026-05-23,5,33.85,1
res-033,2026-05-24,7,32.05,0
res-033,2026-05-25,11,34.87,1
res-033,2026-05-26,10,38.71,1
res-033,2026-05-27,7,31.88,0
res-033,2026-05-28,3,32.93,0
res-033,2026-05-29,7,31.86,1
res-033,2026-05-30,8,30.33,3
res-033,2026-05-31,7,34.0,0
res-033,2026-06-01,10,32.17,0
res-033,2026-06-02,7,38.28,2
res-033,2026-06-03,8,23.34,1
res-033,2026-06-04,12,29.39,1
res-033,2026-06-05,7,26.54,0
res-033,2026-06-06,5,32.16,0
res-033,2026-06-07,7,25.42,1
res-033,2026-06-08,9,25.45,0
res-033,2026-06-09,11,30.88,0
res-033,2026-06-10,7,32.18,0
res-033,2026-06-11,4,27.69,3
res-033,2026-06-12,9,29.02,0
res-033,2026-06-13,7,30.24,0
res-033,2026-06-14,9,26.84,1
res-033,2026-06-15,6,32.51,0
res-033,2026-06-16,10,24.62,0
res-033,2026-06-17,4,28.13,1
res-033,2026-06-18,7,22.35,1
res-033,2026-06-19,8,27.22,0
res-033,2026-06-20,5,21.23,1
res-033,2026-06-21,5,22.09,0
res-033,2026-06-22,8,22.31,1
res-033,2026-06-23,9,21.22,1
res-033,2026-06-24,4,24.94,1
res-033,2026-06-25,3,21.87,2
res-033,2026-06-26,8,23.12,1
res-033,2026-06-27,6,26.16,0
res-033,2026-06-28,7,23.48,0
res-033,2026-06-29,6,23.71,0
res-033,2026-06-30,9,23.31,0
res-033,2026-07-01,6,26.52,0
res-033,2026-07-02,3,29.66,0
res-033,2026-07-03,4,21.57,0
res-033,2026-07-04,3,22.97,2
res-033,2026-07-05,4,21.21,0
res-033,2026-07-06,6,20.27,0
res-033,2026-07-07,12,26.43,2
res-033,2026-07-08,14,24.55,0
res-033,2026-07-09,8,23.65,0
res-033,2026-07-10,6,24.34,0
res-033,2026-07-11,4,20.6,1
res-033,2026-07-12,4,17.71,1
res-033,2026-07-13,8,19.33,1
res-033,2026-07-14,9,17.0,0
res-033,2026-07-15,5,21.84,2
res-033,2026-07-16,5,20.33,1
res-033,2026-07-17,3,19.16,1
res-033,2026-07-18,4,17.39,1
res-033,2026-07-19,9,20.8,2
res-033,2026-07-20,1,20.05,3
res-033,2026-07-21,8,21.65,0
res-033,2026-07-22,3,23.94,0
res-033,2026-07-23,6,18.47,0
res-033,2026-07-24,7,16.79,2
res-033,2026-07-25,4,17.79,1
res-033,2026-07-26,5,23.34,0
res-033,2026-07-27,5,25.16,0
res-033,2026-07-28,7,18.63,1
res-033,2026-07-29,7,21.64,0
res-033,2026-07-30,4,18.69,0
res-033,2026-07-31,3,23.97,1
res-033,2026-08-01,3,18.94,3
res-033,2026-08-02,6,20.43,0
res-033,2026-08-03,4,16.25,2
res-033,2026-08-04,2,16.46,1
res-033,2026-08-05,5,12.94,0
res-033,2026-08-06,5,13.6,2
res-033,2026-08-07,4,14.65,1
res-033,2026-08-08,2,14.07,0
res-033,2026-08-09,2,13.32,0
res-033,2026-08-10,6,10.4,0
res-033,2026-08-11,6,16.0,1
res-033,2026-08-12,3,14.73,0
res-033,2026-08-13,3,14.57,1
res-033,2026-08-14,4,10.84,0
res-033,2026-08-15,3,16.18,0
res-033,2026-08-16,5,13.96,1
res-033,2026-08-17,2,12.72,0
res-033,2026-08-18,1,12.39,0
res-033,2026-08-19,4,18.75,0
res-033,2026-08-20,4,15.92,0
res-033,2026-08-21,2,10.22,0
res-033,2026-08-22,3,9.28,0
res-033,2026-08-23,5,8.0,0
res-033,2026-08-24,3,8.21,0
res-033,2026-08-25,8,11.42,0
res-033,2026-08-26,3,14.43,0
res-033,2026-08-27,1,15.52,0
res-033,2026-08-28,4,7.35,0
res-033,2026-08-29,3,15.9,0
res-033,2026-08-30,1,4.68,2
res-033,2026-08-31,4,8.1,1
res-033,2026-09-01,3,8.25,1
res-033,2026-09-02,1,11.33,1
res-033,2026-09-03,0,7.89,0
res-033,2026-09-04,3,8.96,0
res-033,2026-09-05,0,13.47,1
res-033,2026-09-06,4,6.76,0
res-033,2026-09-07,1,8.65,1
res-033,2026-09-08,0,5.58,0
res-033,2026-09-09,2,8.15,0
res-033,2026-09-10,2,7.38,0
res-033,2026-09-11,6,6.4,1
res-033,2026-09-12,1,4.57,0
res-033,2026-09-13,0,5.21,0
res-034,2026-05-17,4,6.5,1
res-034,2026-05-18,0,5.81,0
res-034,2026-05-19,3,2.47,2
res-034,2026-05-20,1,11.18,0
res-034,2026-05-21,6,10.72,1
res-034,2026-05-22,6,11.11,0
res-034,2026-05-23,2,7.23,0
res-034,2026-05-24,1,9.85,0
res-034,2026-05-25,5,7.32,0
res-034,2026-05-26,2,8.12,0
res-034,2026-05-27,1,9.58,0
res-034,2026-05-28,2,8.46,0
res-034,2026-05-29,3,5.04,2
res-034,2026-05-30,0,7.92,1
res-034,2026-05-31,1,8.61,1
res-034,2026-06-01,2,7.97,0
res-034,2026-06-02,0,7.79,2
res-034,2026-06-03,0,3.71,0
res-034,2026-06-04,2,6.67,0
res-034,2026-06-05,5,9.4,0
res-034,2026-06-06,3,9.77,1
res-034,2026-06-07,2,8.63,0
res-034,2026-06-08,4,9.33,0
res-034,2026-06-09,2,12.59,0
res-034,2026-06-10,5,8.35,1
res-034,2026-06-11,0,3.72,0
res-034,2026-06-12,3,6.74,0
res-034,2026-06-13,2,7.94,0
res-034,2026-06-14,3,3.13,0
res-034,2026-06-15,7,7.48,0
res-034,2026-06-16,2,5.08,1
res-034,2026-06-17,3,9.82,1
res-034,2026-06-18,8,5.5,0
res-034,2026-06-19,4,13.24,0
res-034,2026-06-20,3,4.75,0
res-034,2026-06-21,3,6.15,0
res-034,2026-06-22,3,10.07,1
res-034,2026-06-23,2,7.9,1
res-034,2026-06-24,2,10.68,1
res-034,2026-06-25,1,4.81,0
res-034,2026-06-26,2,8.87,0
res-034,2026-06-27,5,7.68,0
res-034,2026-06-28,5,10.45,0
res-034,2026-06-29,4,5.31,0
res-034,2026-06-30,4,7.44,0
res-034,2026-07-01,3,3.64,1
res-034,2026-07-02,4,6.94,0
res-034,2026-07-03,1,5.3,0
res-034,2026-07-04,6,10.39,0
res-034,2026-07-05,1,10.49,0
res-034,2026-07-06,3,9.32,0
res-034,2026-07-07,1,4.62,0
res-034,2026-07-08,0,9.71,0
res-034,2026-07-09,3,4.36,1
res-034,2026-07-10,6,3.62,0
res-034,2026-07-11,1,4.45,0
res-034,2026-07-12,3,9.1,0
res-034,2026-07-13,4,6.83,0
res-034,2026-07-14,2,10.2,1
res-034,2026-07-15,4,11.11,0
res-034,2026-07-16,5,8.39,0
res-034,2026-07-17,3,11.02,1
res-034,2026-07-18,2,5.33,0
res-034,2026-07-19,3,9.27,0
res-034,2026-07-20,2,5.46,0
res-034,2026-07-21,2,2.91,0
res-034,2026-07-22,1,7.94,0
res-034,2026-07-23,3,5.66,0
res-034,2026-07-24,2,11.16,0
res-034,2026-07-25,0,7.56,0
res-034,2026-07-26,0,8.93,1
res-034,2026-07-27,2,0.0,0
res-034,2026-07-28,0,10.7,0
res-034,2026-07-29,1,5.58,1
res-034,2026-07-30,2,9.11,1
res-034,2026-07-31,2,12.3,0
res-034,2026-08-01,2,6.21,1
res-034,2026-08-02,2,9.04,0
res-034,2026-08-03,4,5.98,1
res-034,2026-08-04,1,7.0,0
res-034,2026-08-05,2,8.28,1
res-034,2026-08-06,4,12.24,0
res-034,2026-08-07,1,7.65,0
res-034,2026-08-08,6,12.29,0
res-034,2026-08-09,3,9.34,0
res-034,2026-08-10,2,13.93,0
res-034,2026-08-11,1,6.64,1
res-034,2026-08-12,3,10.15,0
res-034,2026-08-13,4,3.72,0
res-034,2026-08-14,4,10.85,1
res-034,2026-08-15,6,7.67,0
res-034,2026-08-16,4,6.39,1
res-034,2026-08-17,1,8.43,0
res-034,2026-08-18,1,2.79,0
res-034,2026-08-19,0,9.17,0
res-034,2026-08-20,1,9.27,0
res-034,2026-08-21,2,15.52,0
res-034,2026-08-22,3,7.28,0
res-034,2026-08-23,4,8.63,0
res-034,2026-08-24,5,8.26,0
res-034,2026-08-25,3,6.66,1
res-034,2026-08-26,3,6.32,0
res-034,2026-08-27,2,11.04,0
res-034,2026-08-28,3,9.99,0
res-034,2026-08-29,2,4.89,0
res-034,2026-08-30,2,6.0,0
res-034,2026-08-31,2,9.36,1
res-034,2026-09-01,3,19.13,0
res-034,2026-09-02,0,6.38,0
res-034,2026-09-03,4,4.52,0
res-034,2026-09-04,4,1.47,0
res-034,2026-09-05,3,4.56,0
res-034,2026-09-06,2,5.29,0
res-034,2026-09-07,4,5.18,0
res-034,2026-09-08,2,10.98,0
res-034,2026-09-09,2,8.0,0
res-034,2026-09-10,2,9.1,0
res-034,2026-09-11,2,3.64,2
res-034,2026-09-12,5,4.91,2
res-034,2026-09-13,1,12.68,0
